id,Page,Title,Price_Raw,Price_Billion,Area_m2,District,Address,Bedrooms,Toilets,Post_Time,Link,Description
303270749,1,"Chi 4.68 Tỷ, 2 tầng 62m2. Mặt tiền kinh doanh, xe tải đậu cửa Đào Tông Nguyên, Nhà Bè","4,68 tỷ",4.68,62.0,Huyện Nhà Bè,"H. Nhà Bè, Tp. Hồ Chí Minh",2.0,2.0,17/12/2025,https://meeyland.com/ban-nha-rieng-nha-be-ho-chi-minh-i1223/303270749,
306068169,1,"Cơ hội vàng sở hữu ngay căn nhà đẹp ""có một không hai"" tại khu vực Cộng Hòa, Tân Bình",5 tỷ,5.0,62.0,Huyện Hòa,"Đ. Cộng Hòa, Q. Tân Bình, Tp. Hồ Chí Minh",,,17/12/2025,https://meeyland.com/ban-nha-rieng-tan-binh-ho-chi-minh-i1223/306068169,
306059417,1,"Đất vài bước chân ra biển, sát chợ hải sản, Phước Hải, thành phố Hồ Chí Minh",,,140.0,Huyện Hêm,Xem thêm,,,17/12/2025,https://meeyland.com/ban-dat-tan-binh-ho-chi-minh-i1123/306059417,
306057087,1,"Nhà 5 tầng kiên cố, 52m2, hẻm nhựa 8m, Vườn Lài Quận 12, giá 6 tỷ",6 tỷ,6.0,52.0,Huyện Hêm,Xem thêm,5.0,5.0,17/12/2025,https://meeyland.com/ban-nha-rieng-quan-12-ho-chi-minh-i1223/306057087,
306216130,1,Chỉ 2 tỷ sở hữu ngay shophoue khối đế vừa kinh doanh vừa ở,"2,1 tỷ",2.1,58.0,Huyện Hêm,Xem thêm,1.0,1.0,17/12/2025,https://meeyland.com/ban-can-ho-chung-cu-quan-7-ho-chi-minh-i1423/306216130,
305875815,1,"[P BÀN CỜ] BÁN NHÀ MỚI ĐẸP 5 TẦNG Ở NGAY HXH PHÂN LÔ THÔNG THOÁNG – GIÁ CHỈ 9,9 TỶ","9,9 tỷ",9.9,29.0,Huyện Hêm,Xem thêm,3.0,3.0,17/12/2025,https://meeyland.com/ban-nha-rieng-quan-3-ho-chi-minh-i1223/305875815,
306068101,1,"Chào mừng quý khách đến với ""căn nhà trong mơ"" tọa lạc tại Xô Viết Nghệ Tĩnh, Bình Thạnh","6,25 tỷ",6.25,41.4,Huyện Hêm,Xem thêm,3.0,3.0,17/12/2025,https://meeyland.com/ban-nha-rieng-binh-thanh-ho-chi-minh-i1223/306068101,
306099833,1,Nhà 3 tầng mới đẹp - ở ngay - nội thất cao cấp- khu phân lô - đường xe hơi rộng thoáng,"5,4 tỷ",5.4,54.0,Huyện Hêm,Xem thêm,3.0,3.0,10/12/2025,https://meeyland.com/ban-nha-mat-pho-thu-duc-ho-chi-minh-i1323/306099833,
306049675,1,"Nhà Liên khu 10-11, gần Phan Anh, 7.9 tỷ - Full nội thất, hẻm 7m","7,9 tỷ",7.9,54.0,Huyện Hêm,Xem thêm,,,17/12/2025,https://meeyland.com/ban-nha-rieng-binh-tan-ho-chi-minh-i1223/306049675,
306068566,1,"Ngôi nhà tọa lạc tại vị trí đắc địa, gần mặt tiền đường Huỳnh Văn Bánh, Quận Phú Nhuận",7 tỷ,7.0,68.0,Huyện Huỳnvăn Bánh,"Đ. Huỳnh Văn Bánh, Q. Phú Nhuận, Tp. Hồ Chí Minh",4.0,,17/12/2025,https://meeyland.com/ban-nha-rieng-phu-nhuan-ho-chi-minh-i1223/306068566,
306216741,1,Hẻm 284 Lê Văn Sỹ nhà 4 tầng 6n vị trí trung tâm hẻm thông sổ vuông đẹp pháp lý chuẩn,"6,9 tỷ",6.9,46.0,Quận  3,"284 Lê văn sỹ, Đ. Lê Văn Sỹ, P. 13, Q. 3, Tp. Hồ Chí Minh",6.0,6.0,17/12/2025,https://meeyland.com/ban-nha-rieng-quan-3-ho-chi-minh-i1223/306216741,
305915866,1,"Bán Nhà phố riêng hẻm xe hơi thông thoáng 52m² Phú Thọ Hòa, Tân Phú 4.3 tỷ","4,3 tỷ",4.3,52.0,Huyện Hêm,Xem thêm,2.0,2.0,17/12/2025,https://meeyland.com/ban-nha-rieng-tan-phu-ho-chi-minh-i1223/305915866,
305966371,1,Hạ sập sàn biệt thự mini siêu đẹp 2 tầng,"4,5 tỷ",4.5,80.0,TP Thủ Đức,"P. Long Trường, Tp. Thủ Đức, Tp. Hồ Chí Minh",,,10/12/2025,https://meeyland.com/ban-nha-rieng-thu-duc-ho-chi-minh-i1223/305966371,
306057627,1,"Nhà hẻm xe hơi Điện Biên Phủ, Bình Thạnh, 4 phòng ngủ, 3 lầu, giá tốt","8,9 tỷ",8.9,36.3,Huyện Hêm,Xem thêm,4.0,4.0,17/12/2025,https://meeyland.com/ban-nha-rieng-binh-thanh-ho-chi-minh-i1223/306057627,
305915817,1,"Nhà hẻm Thoại Ngọc Hầu, Phú Thạnh, Tân Phú – 48m² vào ở ngay","3,6 tỷ",3.6,48.0,Huyện Hoại Ngọc Hầu,"Đ. Thoại Ngọc Hầu, P. Phú Thạnh, Q. Tân Phú, Tp. Hồ Chí Minh",2.0,2.0,17/12/2025,https://meeyland.com/ban-nha-rieng-tan-phu-ho-chi-minh-i1223/305915817,
306048852,1,"Đất vàng 2 mặt tiền Linh Xuân, Thủ Đức 64m² sổ hồng sẵn sàng, cơ hội đầu tư sinh lời",3 tỷ,3.0,51.6,TP Thủ Đức,"P. Linh Xuân, Tp. Thủ Đức, Tp. Hồ Chí Minh",,,17/12/2025,https://meeyland.com/ban-dat-thu-duc-ho-chi-minh-i1123/306048852,
305915781,1,Nhà hẻm Phan Thị Hành Tân Phú – 45m2 nhà mới vào ở ngay,"3,1 tỷ",3.1,45.0,Huyện Hú Thọ Hòa,"P. Phú Thọ Hòa, Q. Tân Phú, Tp. Hồ Chí Minh",2.0,2.0,17/12/2025,https://meeyland.com/ban-nha-rieng-tan-phu-ho-chi-minh-i1223/305915781,
306057091,1,"Nhà mặt tiền Phạm Văn Bạch - kinh doanh bao đã, giá 2,65 tỷ","2,65 tỷ",2.65,125.0,Huyện Hêm,Xem thêm,4.0,4.0,17/12/2025,https://meeyland.com/ban-nha-mat-pho-go-vap-ho-chi-minh-i1323/306057091,
306058345,1,"Căn hộ dịch vụ Lê Quang Định, hốt bạc triệu mỗi tháng, xe hơi tận cửa","6,95 tỷ",6.95,59.8,Huyện Hêm,Xem thêm,5.0,,17/12/2025,https://meeyland.com/ban-can-ho-dich-vu-homestay-binh-thanh-ho-chi-minh-i1523/306058345,
306216560,1,"Ngay chợ Tân Bình hẻm xe hơi 6m, Lý Thường Kiệt 6 phòng ngủ, đang cho thuê sẵn nguồn tiền 20 triệu, chỉ 7,3 tỷ","7,3 tỷ",7.3,50.0,Huyện Hường Kiệt,"P. Lý Thường Kiệt, Q. Tân Bình, Tp. Hồ Chí Minh",6.0,6.0,17/12/2025,https://meeyland.com/ban-nha-rieng-tan-binh-ho-chi-minh-i1223/306216560,
306068058,1,"Chớp ngay cơ hội sở hữu căn nhà siêu hot tại đường Phan Văn Trị, Gò Vấp",7 tỷ,7.0,45.0,Huyện Han Văn Trị,"Đ. Phan Văn Trị, Q. Gò Vấp, Tp. Hồ Chí Minh",,,17/12/2025,https://meeyland.com/ban-nha-rieng-go-vap-ho-chi-minh-i1223/306068058,
306059752,1,"Đất nền siêu hot, diện tích khủng, giá chỉ 3,5 triệu/m2, đầu tư là lời","22,2 tỷ",22.2,6.344,Huyện Hêm,Xem thêm,,,17/12/2025,https://meeyland.com/ban-dat-binh-chanh-ho-chi-minh-i1123/306059752,
306074379,1,"Bán nhà Quận 10, ngang hiếm 4.8m, 3 phòng ngủ, gần Đại học Kinh tế, dòng tiền 15 triệu/tháng, giá 8 tỷ",8 tỷ,8.0,49.2,Quận  10,"P. 5, Q. 10, Tp. Hồ Chí Minh",3.0,3.0,17/12/2025,https://meeyland.com/ban-nha-rieng-quan-10-ho-chi-minh-i1223/306074379,
306068096,1,"Đất vàng Long Đức kế chợ đêm, gần khu công nghiệp, giá hời","1,2 tỷ",1.2,300.0,Huyện Hồ Chí Minh,"Đ. Gò Cẩm Đệm, Q. Tân Bình, Tp. Hồ Chí Minh",,,17/12/2025,https://meeyland.com/ban-dat-tan-binh-ho-chi-minh-i1123/306068096,
306159248,1,"[Phường Bàn Cờ] Bán Nhà 3 Tầng, Nguyễn Đình Chiểu Gần Cư Xá Đô Thành, Chỉ 5,5 Tỷ","5,5 tỷ",5.5,36.0,Quận  3,"Đ. Nguyễn Đình Chiểu, P. 4, Q. 3, Tp. Hồ Chí Minh",4.0,4.0,17/12/2025,https://meeyland.com/ban-nha-rieng-quan-3-ho-chi-minh-i1223/306159248,
305679507,1,[Quận 10] Bán Nhà Đẹp Tặng Full Nội Thất Đường Hòa Hưng 42m² Giá Chỉ Hơn 5 Tỷ,"5,95 tỷ",5.95,42.0,Huyện Hêm,Xem thêm,3.0,3.0,17/12/2025,https://meeyland.com/ban-nha-rieng-quan-10-ho-chi-minh-i1223/305679507,
305779557,1,"Bán nhà 5 tầng, mặt tiền lô góc, cách chợ Phú Nhuận chỉ vài bước chân","6,5 tỷ",6.5,26.0,Huyện Hắng,"Đ. Cao Thắng, P. 17, Q. Phú Nhuận, Tp. Hồ Chí Minh",3.0,3.0,17/12/2025,https://meeyland.com/ban-nha-rieng-phu-nhuan-ho-chi-minh-i1223/305779557,
305694767,1,[QUẬN 10] BÁN NHÀ ĐẸP TRUNG TÂM – 4 TẦNG BTCT – GẦN CMT8 – GIÁ CHỈ 6.3 TỶ,"6,3 tỷ",6.3,30.0,Huyện Hêm,Xem thêm,3.0,3.0,17/12/2025,https://meeyland.com/ban-nha-rieng-quan-10-ho-chi-minh-i1223/305694767,
306216521,1,"Chính chủ cần bán gấp nhà mặt tiền Nam Kỳ Khởi Nghĩa, phường 6, quận 3","15,8 tỷ",15.8,30.0,Huyện Hêm,Xem thêm,,,17/12/2025,https://meeyland.com/ban-nha-mat-pho-quan-3-ho-chi-minh-i1323/306216521,
306060772,1,"Bán nhà mặt tiền kinh doanh lô góc Đào Cam Mộc, Quận 8, giá giảm sốc 12 tỷ",12 tỷ,12.0,122.4,Huyện Hêm,Xem thêm,3.0,,17/12/2025,https://meeyland.com/ban-nha-mat-pho-quan-8-ho-chi-minh-i1323/306060772,
306074042,2,"Bán nhà hẻm xe tải 4 tầng, 40m2 vuông vức, dòng tiền 30 triệu/tháng - Khu VIP Phú Nhuận",7 tỷ,7.0,40.3,Huyện Hêm,Xem thêm,,,17/12/2025,https://meeyland.com/ban-nha-rieng-phu-nhuan-ho-chi-minh-i1223/306074042,
302331677,2,"Bán nhà mặt tiền kinh doanh hạ chào 10 tỷ, Lê Văn Sỹ, phường 10, Phú Nhuận, 111m2, 2 tầng","23,5 tỷ",23.5,111.0,Huyện Hêm,Xem thêm,2.0,2.0,17/12/2025,https://meeyland.com/ban-nha-mat-pho-phu-nhuan-ho-chi-minh-i1323/302331677,
306074083,2,"Bán dinh thự cổ điển Quận 2, view công viên xanh mát, giá 12,5 tỷ","12,5 tỷ",12.5,110.0,TP Thủ Đức,"Tp. Thủ Đức, Tp. Hồ Chí Minh",,,17/12/2025,https://meeyland.com/ban-nha-rieng-thu-duc-ho-chi-minh-i1223/306074083,
306057624,2,"Bán nhà 1 trệt 1 lầu đường 18B Bình Chánh, hẻm 6m, giá tốt",650 triệu,650.0,95.0,Huyện Hêm,Xem thêm,3.0,3.0,17/12/2025,https://meeyland.com/ban-nha-rieng-binh-chanh-ho-chi-minh-i1223/306057624,
306215796,2,"Chú Hai bán nhà 48m2 Đoàn Thị Điểm, Phú Nhuận, gần Đa Khoa Hoàn Mỹ, hẻm 5m","2,65 tỷ",2.65,48.0,Huyện Hị Điểm,"Đ. Đoàn Thị Điểm, P. 1, Q. Phú Nhuận, Tp. Hồ Chí Minh",4.0,4.0,17/12/2025,https://meeyland.com/ban-nha-rieng-phu-nhuan-ho-chi-minh-i1223/306215796,
306069211,2,Siêu phẩm nhà mới xây đang chờ chủ nhân mới tại Gò Vấp,"4,25 tỷ",4.25,18.0,Huyện Hêm,Xem thêm,2.0,2.0,17/12/2025,https://meeyland.com/ban-nha-rieng-go-vap-ho-chi-minh-i1223/306069211,
306215781,2,"Cần tiền bán gấp nhà 37.5m2, Hoàng Diệu, phường 4, quận 4, xe hơi đỗ cửa","2,98 tỷ",2.98,37.0,Huyện Hêm,Xem thêm,,,17/12/2025,https://meeyland.com/ban-nha-rieng-quan-4-ho-chi-minh-i1223/306215781,
306050119,2,"Quận 6 nhà 2 tầng hẻm 5m, ngang 4m, chỉ 4.1 tỷ, giá cực sốc","4,1 tỷ",4.1,52.0,Huyện Hêm,Xem thêm,,,17/12/2025,https://meeyland.com/ban-nha-rieng-quan-6-ho-chi-minh-i1223/306050119,
306068914,2,"Bán nhà căn góc 6 tầng, thang máy, ô tô ngủ trong nhà, đường Lê Đức Thọ, Gò Vấp, giá 14.8 tỷ","14,8 tỷ",14.8,68.8,Huyện Hội,"Đ. An Hội, Q. Gò Vấp, Tp. Hồ Chí Minh",4.0,,17/12/2025,https://meeyland.com/ban-nha-rieng-go-vap-ho-chi-minh-i1223/306068914,
306215807,2,"Chỉ 2,55 tỷ đã sở hữu nhà đường Đỗ Nhuận, phường Sơn Kỳ, quận Tân Phú 47,1m2","2,55 tỷ",2.55,47.0,Huyện Huận,"P. Đỗ Nhuận, Q. Tân Phú, Tp. Hồ Chí Minh",,,17/12/2025,https://meeyland.com/ban-nha-rieng-tan-phu-ho-chi-minh-i1223/306215807,
306049801,2,"Nhà riêng 39m2, 1 trệt 1 lầu 1 lửng, hẻm xe hơi đường Lê Hồng Phong, Quận 10",,,39.0,Quận  10,"Đ. Lê Hồng Phong, P. 1, Q. 10, Tp. Hồ Chí Minh",,,17/12/2025,https://meeyland.com/ban-nha-rieng-quan-10-ho-chi-minh-i1223/306049801,
302376995,2,"Bán khách sạn mặt tiền Đỗ Quang Đẩu, Phạm Ngũ Lão, Quận 1, 140m2, 5 tầng, ngang 8m","89,9 tỷ",89.9,140.0,Huyện Hêm,Xem thêm,28.0,,17/12/2025,https://meeyland.com/ban-khach-san-nha-nghi-quan-1-ho-chi-minh-i1423/302376995,
306068894,2,Cơ hội hiếm có để sở hữu căn nhà mơ ước tại khu vip Quận 3,10 tỷ,10.0,50.0,Huyện Hêm,Xem thêm,,,17/12/2025,https://meeyland.com/ban-nha-rieng-quan-3-ho-chi-minh-i1223/306068894,
306068296,2,"Nhà bán nằm trong hẻm vip tại đường Dạ Nam, Phường 2","3,18 tỷ",3.18,23.1,Huyện Hêm,Xem thêm,3.0,,17/12/2025,https://meeyland.com/ban-nha-rieng-quan-8-ho-chi-minh-i1223/306068296,
306069207,2,"Tọa lạc tại con đường Lê Văn Sỹ sầm uất, căn nhà 4 tầng mới xây mang vẻ đẹp cổ điển",13 tỷ,13.0,61.0,Huyện Thạnh,"Đ. Lê Văn Sỹ, Q. Bình Thạnh, Tp. Hồ Chí Minh",5.0,,17/12/2025,https://meeyland.com/ban-nha-rieng-binh-thanh-ho-chi-minh-i1223/306069207,
305931411,2,Bán đất mặt tiền đường 53 Quận 2 view Công Viên giá 36 tỷ,36 tỷ,36.0,140.0,Huyện Hêm,Xem thêm,,,17/12/2025,https://meeyland.com/ban-dat-thu-duc-ho-chi-minh-i1123/305931411,
302294827,2,"Bán khách sạn nhà mặt tiền ngộp nặng Trần Thị Cờ, Thới An, quận 12, 96m2, 5 tầng, thang máy, 14 phòng","9,5 tỷ",9.5,96.0,Huyện Hêm,Xem thêm,14.0,,17/12/2025,https://meeyland.com/ban-khach-san-nha-nghi-quan-12-ho-chi-minh-i1423/302294827,
306068631,2,"Bán nhà 2 tầng khu vip Lam Sơn, Phú Nhuận, 80m2, 5 phòng căn hộ dịch vụ, giá 8.5 tỷ","8,5 tỷ",8.5,80.0,Huyện Han Đăng Lưu,"P. Phan Đăng Lưu, Q. Phú Nhuận, Tp. Hồ Chí Minh",,,17/12/2025,https://meeyland.com/ban-nha-rieng-phu-nhuan-ho-chi-minh-i1223/306068631,
306055056,2,"Đất 150m2, 450 triệu, cơ hội đầu tư hay hớ",450 triệu,450.0,150.0,Huyện Hêm,Xem thêm,,,17/12/2025,https://meeyland.com/ban-dat-thu-duc-ho-chi-minh-i1123/306055056,
302405902,2,"Bán nhà mặt tiền kinh doanh Hoàng Văn Thụ, phường 4, Tân Bình, 90m2, 2 tầng, nhỉnh 18 tỷ","18,2 tỷ",18.2,90.0,Huyện Hêm,Xem thêm,2.0,2.0,17/12/2025,https://meeyland.com/ban-nha-mat-pho-tan-binh-ho-chi-minh-i1323/302405902,
306049678,2,"Quận 4 gọi tên nhà 110.5m2, thu nhập 28 triệu/tháng, giá chỉ 7.86 tỷ","7,86 tỷ",7.86,84.0,Quận  4,"Đ. Đoàn Văn Bơ, P. 18, Q. 4, Tp. Hồ Chí Minh",,,17/12/2025,https://meeyland.com/ban-nha-rieng-quan-4-ho-chi-minh-i1223/306049678,
306069232,2,"Bước vào căn nhà tọa lạc tại hẻm xe hơi đường Cách Mạng Tháng Tám, Quận 3","8,99 tỷ",8.99,42.0,Huyện Hêm,Xem thêm,3.0,,17/12/2025,https://meeyland.com/ban-nha-rieng-quan-3-ho-chi-minh-i1223/306069232,
306216039,2,"Chủ định cư cần bán lại gấp căn nhà ngang 6m, hẻm xe hơi 8m vị trí đắc địa khu vực đồng bộ ,giá chỉ 10,6 tỷ","10,6 tỷ",10.6,82.0,Huyện Hêm,Xem thêm,4.0,4.0,17/12/2025,https://meeyland.com/ban-nha-rieng-binh-thanh-ho-chi-minh-i1223/306216039,
306068285,2,Mở ra cánh cửa đến một cuộc sống tiện nghi và thịnh vượng với căn nhà tọa lạc tại Dương Bá Trạc,"4,44 tỷ",4.44,44.0,Huyện Hêm,Xem thêm,2.0,,17/12/2025,https://meeyland.com/ban-nha-rieng-quan-8-ho-chi-minh-i1223/306068285,
306049697,2,"Nhà nát Quận 4, vị trí vàng, sát mặt tiền Ốc Oanh, tiện xây mới","3,8 tỷ",3.8,31.5,Huyện Hêm,Xem thêm,,,17/12/2025,https://meeyland.com/ban-nha-rieng-quan-4-ho-chi-minh-i1223/306049697,
306215456,2,"Siêu phẩm nhà Phú Nhuận, Bến Tre, 151m2, hẻm xe hơi, chỉ 1,35 tỷ","1,35 tỷ",1.35,151.0,Huyện Hêm,Xem thêm,,,17/12/2025,https://meeyland.com/ban-nha-rieng-phu-nhuan-ho-chi-minh-i1223/306215456,
302358123,2,"Nhà ngộp, MT KD Trần Thị Cờ, Thới An, Q12, 297m², 4 tầng, nội thất xịn. 79tr.m² đất. ngang 6m","23,3 tỷ",23.3,297.0,Huyện Hêm,Xem thêm,5.0,5.0,17/12/2025,https://meeyland.com/ban-nha-mat-pho-quan-12-ho-chi-minh-i1323/302358123,
306216360,2,"Hẻm xe hơi gần chợ Phạm Văn Hai 4 phòng ngủ xây 3 tầng, nhà mới đẹp, gần 50m2, chỉ hơn 7,6 tỷ","7,6 tỷ",7.6,48.0,Huyện Hêm,Xem thêm,4.0,4.0,17/12/2025,https://meeyland.com/ban-nha-rieng-tan-binh-ho-chi-minh-i1223/306216360,
306055349,2,"Mặt tiền Đức Hòa Thượng nhà kinh doanh, kho xưởng giá sốc chỉ 4,15 tỷ","4,15 tỷ",4.15,288.0,Huyện Hêm,Xem thêm,,,17/12/2025,https://meeyland.com/ban-nha-mat-pho-hoc-mon-ho-chi-minh-i1323/306055349,
306055535,2,"Bán đất nở hậu đẹp 96m2 tại Củ Chi, thành phố Hồ Chí Minh, sổ hồng riêng, đường ô tô",,,99.84,Huyện Hêm,Xem thêm,,,17/12/2025,https://meeyland.com/ban-dat-cu-chi-ho-chi-minh-i1123/306055535,
305225557,3,"Bán nhà mặt tiền đường 9 phường An Phú, quận 2, giá 14,6 tỷ","14,6 tỷ",14.6,87.5,Huyện Hêm,Xem thêm,2.0,2.0,17/12/2025,https://meeyland.com/ban-nha-mat-pho-thu-duc-ho-chi-minh-i1323/305225557,
306089231,3,"Bán đất đường 20m phường Bình Trưng Đông Quận 2 giá 12, 5 tỷ","12,5 tỷ",12.5,100.0,Huyện Hêm,Xem thêm,,,17/12/2025,https://meeyland.com/ban-dat-thu-duc-ho-chi-minh-i1123/306089231,
302387485,3,"Bán nhà 2 mặt tiền Hoàng Hữu Nam, Long Thạnh Mỹ, Thủ Đức, giá 7 tỷ",7 tỷ,7.0,75.0,Huyện Hêm,Xem thêm,2.0,2.0,17/12/2025,https://meeyland.com/ban-nha-mat-pho-thu-duc-ho-chi-minh-i1323/302387485,
306211250,3,"Nhà Lô Tư, Bình Tân 2 tầng hẻm 6m gần mặt tiền","5,65 tỷ",5.65,51.0,Huyện Hưng Hoà A,"Đ. Lô Tư, P. Bình Hưng Hoà A, Q. Bình Tân, Tp. Hồ Chí Minh",3.0,3.0,17/12/2025,https://meeyland.com/ban-nha-rieng-binh-tan-ho-chi-minh-i1223/306211250,
306215831,3,"Chủ nhà định cư, cần bán gấp nhà đường Xô Viết Nghệ Tĩnh, giá ngộp",4 tỷ,4.0,44.0,Huyện Hệ Tĩnh,"Đ. Xô Viết Nghệ Tĩnh, P. 19, Q. Bình Thạnh, Tp. Hồ Chí Minh",3.0,3.0,17/12/2025,https://meeyland.com/ban-nha-rieng-binh-thanh-ho-chi-minh-i1223/306215831,
303527309,3,"Bán đất hẻm ô tô đường 12 Cát Lái, quận 2, kề bên chợ, giá 10,5 tỷ","10,5 tỷ",10.5,161.4,Huyện Hêm,Xem thêm,,,17/12/2025,https://meeyland.com/ban-dat-thu-duc-ho-chi-minh-i1123/303527309,
306051672,3,"Nhà 1 trệt 1 lầu, 49m² sổ hồng riêng, giảm sốc còn 4.49 tỷ tại Hiệp Thành, Quận 12","4,49 tỷ",4.49,52.0,Huyện Hêm,Xem thêm,2.0,2.0,17/12/2025,https://meeyland.com/ban-nha-rieng-quan-12-ho-chi-minh-i1223/306051672,
303033117,3,"Bán đất hẻm ô tô đường Ung Văn Khiêm, phường 25, Bình Thạnh, giá 16 tỷ",16 tỷ,16.0,117.3,Huyện Hêm,Xem thêm,,,17/12/2025,https://meeyland.com/ban-dat-binh-thanh-ho-chi-minh-i1123/303033117,
306051254,3,"Quận 1, nhà 4 tầng mới đẹp, cách Bùi Viện 100m, thu nhập 25 triệu/tháng, giảm sâu còn 8 tỷ",8 tỷ,8.0,25.2,Quận  1,"Đ. Bùi Viện, P. Phạm Ngũ Lão, Q. 1, Tp. Hồ Chí Minh",2.0,2.0,17/12/2025,https://meeyland.com/ban-nha-rieng-quan-1-ho-chi-minh-i1223/306051254,
306069505,3,"Nhà Gò Vấp sát Phú Nhuận, hẻm ô tô 5m, diện tích 104m2, giá chỉ 11.99 tỷ mua ngay kẻo lỡ","11,99 tỷ",11.99,109.76,Huyện Hồ Chí Minh,"Đ. Nguyễn Kiệm, P. 3, Q. Gò Vấp, Tp. Hồ Chí Minh",,,17/12/2025,https://meeyland.com/ban-nha-rieng-go-vap-ho-chi-minh-i1223/306069505,
303877793,3,"Bán nhà đường 37 Bình Trưng Tây, quận 2, giá 13,2 tỷ","13,2 tỷ",13.2,188.0,Huyện Hêm,Xem thêm,3.0,3.0,17/12/2025,https://meeyland.com/ban-nha-mat-pho-thu-duc-ho-chi-minh-i1323/303877793,
305301643,3,Bán tòa nhà mặt tiền Bùi Hữu Nghĩa Bình Thạnh giá 81 tỷ,81 tỷ,81.0,211.0,Huyện Hêm,Xem thêm,,14.0,17/12/2025,https://meeyland.com/ban-nha-mat-pho-binh-thanh-ho-chi-minh-i1323/305301643,
303331336,3,"Bán nhà mặt tiền đường 16 Hiệp Bình Chánh, Thủ Đức, giá 10 tỷ",10 tỷ,10.0,100.0,Huyện Hêm,Xem thêm,4.0,4.0,17/12/2025,https://meeyland.com/ban-nha-mat-pho-thu-duc-ho-chi-minh-i1323/303331336,
306211896,3,"Bán nhà Mã Lò, Bình Hưng Hòa A diện tích 48m2, giá bán 4,8 tỷ","4,8 tỷ",4.8,48.0,Huyện Hưng Hoà A,"Đ. 21, P. Bình Hưng Hoà A, Q. Bình Tân, Tp. Hồ Chí Minh",2.0,2.0,17/12/2025,https://meeyland.com/ban-nha-rieng-binh-tan-ho-chi-minh-i1223/306211896,
306212054,3,"Gấp bán nhà 115m2 ngang 5.5m 4 lầu hẻm 409 Nguyễn Oanh gần chợ An Nhơn, kinh doanh tốt 15,3 tỷ","15,3 tỷ",15.3,115.0,Huyện Hồ Chí Minh,"Đ. Nguyễn Oanh, P. 17, Q. Gò Vấp, Tp. Hồ Chí Minh",4.0,4.0,17/12/2025,https://meeyland.com/ban-nha-mat-pho-go-vap-ho-chi-minh-i1323/306212054,
303260358,3,"Bán biệt thự 2 mặt tiền Nguyễn Thanh Sơn, Thủ Đức, giá 125 tỷ",125 tỷ,125.0,312.0,Huyện Hêm,Xem thêm,7.0,7.0,17/12/2025,https://meeyland.com/ban-nha-mat-pho-thu-duc-ho-chi-minh-i1323/303260358,
306209496,3,"Bán đất lô cuối cùng bên sông đường số 25 diện tích 64m2, giá 6 tỷ hẻm xe hơi",6 tỷ,6.0,64.0,Huyện Hêm,Xem thêm,,,17/12/2025,https://meeyland.com/ban-dat-thu-duc-ho-chi-minh-i1123/306209496,
306069236,3,"Chào bạn, chúng tôi đang có một căn nhà tuyệt vời để bán tại Quận Thủ Đức, Thành phố Hồ Chí Minh","11,5 tỷ",11.5,80.0,Huyện Hêm,Xem thêm,,,17/12/2025,https://meeyland.com/ban-nha-mat-pho-thu-duc-ho-chi-minh-i1323/306069236,
306050149,3,Nhà 2 tầng hẻm xe hơi 34m2 Quận 6 - Chỉ 4.8 tỷ,"4,8 tỷ",4.8,34.0,Quận  6,"Q. 6, Tp. Hồ Chí Minh",,,17/12/2025,https://meeyland.com/ban-nha-rieng-quan-6-ho-chi-minh-i1223/306050149,
306007384,3,Chủ kẹt tiền bán gấp nhà trung tâm Quận 5,"4,8 tỷ",4.8,48.0,Quận  5,"Đ. Trần Hưng Đạo, P. 14, Q. 5, Tp. Hồ Chí Minh",,,17/12/2025,https://meeyland.com/ban-nha-rieng-quan-5-ho-chi-minh-i1223/306007384,
102975834,3,"Bán đất đường Võ Chí Công, phường Phú Hữu, Thủ Đức, giá 29 tỷ",29 tỷ,29.0,645.0,Huyện Hêm,Xem thêm,,,17/12/2025,https://meeyland.com/ban-dat-thu-duc-ho-chi-minh-i1123/102975834,
302387501,3,"Bán đất mặt tiền Hoàng Hữu Nam phường Tân Phú, Thủ Đức, giá 23,5 tỷ","23,5 tỷ",23.5,230.0,Huyện Hêm,Xem thêm,,,17/12/2025,https://meeyland.com/ban-dat-thu-duc-ho-chi-minh-i1123/302387501,
304010498,3,"Bán nhà hẻm xe tải Nguyễn Văn Đậu, quận Phú Nhuận, giá 90 tỷ",90 tỷ,90.0,392.0,Huyện Hêm,Xem thêm,2.0,2.0,17/12/2025,https://meeyland.com/ban-nha-rieng-phu-nhuan-ho-chi-minh-i1223/304010498,
306069251,3,"Nhà xinh xắn tọa lạc tại đường 48, Phường Hiệp Bình, Thủ Đức, sẵn sàng đón chủ mới",4 tỷ,4.0,84.0,TP Thủ Đức,"Đ. 48, P. Hiệp Bình Phước, Tp. Thủ Đức, Tp. Hồ Chí Minh",3.0,3.0,17/12/2025,https://meeyland.com/ban-nha-rieng-thu-duc-ho-chi-minh-i1223/306069251,
301670502,3,"Bán đất chính chủ quận 9, Phú Hữu, giá 129 tỷ",129 tỷ,129.0,1.772,Huyện Hêm,Xem thêm,,,17/12/2025,https://meeyland.com/ban-dat-thu-duc-ho-chi-minh-i1123/301670502,
306050981,3,"Hẻm vip Nam Kỳ Khởi Nghĩa, Quận 3 - Biệt thự đẳng cấp, đầu tư sinh lời","5,7 tỷ",5.7,16.5,Huyện Hêm,Xem thêm,2.0,,17/12/2025,https://meeyland.com/ban-nha-rieng-quan-3-ho-chi-minh-i1223/306050981,
306215584,3,"Bán đất mặt tiền Lê Văn Thịnh nối dài Quận 2 giá 11,5 tỷ","11,5 tỷ",11.5,112.0,Huyện Hêm,Xem thêm,,,17/12/2025,https://meeyland.com/ban-dat-thu-duc-ho-chi-minh-i1123/306215584,
304553945,3,"Bán đất mặt tiền Hoàng Hữu Nam, Tân Phú, quận 9, giá 36 tỷ",36 tỷ,36.0,389.0,Huyện Hêm,Xem thêm,,,17/12/2025,https://meeyland.com/ban-dat-thu-duc-ho-chi-minh-i1123/304553945,
302985805,3,"Bán nhà mặt tiền Nguyễn Tuyển, Bình Trưng Tây, Thủ Đức, giá 23 tỷ",23 tỷ,23.0,145.0,Huyện Hêm,Xem thêm,5.0,5.0,17/12/2025,https://meeyland.com/ban-nha-mat-pho-thu-duc-ho-chi-minh-i1323/302985805,
302871704,3,"Bán nhà 3 mặt hẻm ô tô đường Vạn Kiếp, Bình Thạnh, giá 6,3 tỷ","6,3 tỷ",6.3,114.0,Huyện Hêm,Xem thêm,4.0,4.0,17/12/2025,https://meeyland.com/ban-nha-rieng-binh-thanh-ho-chi-minh-i1223/302871704,
105304544,4,"Bán nhà mặt tiền kinh doanh Nguyễn Thị Thơi, Hiệp Thành, quận 12, diện tích 94m2, 2 tầng, giá rẻ","6,9 tỷ",6.9,94.0,Huyện Hêm,Xem thêm,4.0,4.0,17/12/2025,https://meeyland.com/ban-nha-mat-pho-quan-12-ho-chi-minh-i1323/105304544,
301760087,4,"Bán đất full thổ cư 2 mặt tiền Thới Tam Thôn 9, Hóc Môn, gần 700m2, ngang 10m","21,9 tỷ",21.9,700.0,Huyện Hêm,Xem thêm,,,17/12/2025,https://meeyland.com/ban-dat-hoc-mon-ho-chi-minh-i1123/301760087,
105261919,4,"Bán nhà mặt tiền kinh doanh đường 3 Tháng 2, phường 14, quận 10, 82m2, 2 tầng","28,9 tỷ",28.9,82.0,Huyện Hêm,Xem thêm,2.0,2.0,17/12/2025,https://meeyland.com/ban-nha-mat-pho-quan-10-ho-chi-minh-i1323/105261919,
105619280,4,"Bán nhà mặt tiền kinh doanh Lý Thường Kiệt, Phường 7, Tân Bình, 160m2, 4 tầng, nở hậu, giá rẻ","39,5 tỷ",39.5,160.0,Huyện Hêm,Xem thêm,6.0,6.0,17/12/2025,https://meeyland.com/ban-nha-mat-pho-tan-binh-ho-chi-minh-i1323/105619280,
306211618,4,"Bán nhà sổ hồng riêng, hoàn công đầy đủ, công chứng ngay trong ngày","9,5 tỷ",9.5,30.0,Huyện Hêm,Xem thêm,4.0,4.0,17/12/2025,https://meeyland.com/ban-nha-rieng-quan-3-ho-chi-minh-i1223/306211618,
303940627,4,"Bán nhà mặt tiền kinh doanh Nguyễn Thái Bình, Phường 4, Tân Bình, 72m2, 3 tầng, 6 phòng ngủ","18,8 tỷ",18.8,72.0,Huyện Hêm,Xem thêm,6.0,6.0,17/12/2025,https://meeyland.com/ban-nha-mat-pho-tan-binh-ho-chi-minh-i1323/303940627,
104987329,4,"Bán nhà mặt tiền kinh doanh, Gò Dầu, Tân Quý, Tân Phú, 112m2, 3 tầng, nở hậu","19,9 tỷ",19.9,112.0,Huyện Hêm,Xem thêm,7.0,7.0,17/12/2025,https://meeyland.com/ban-nha-mat-pho-tan-phu-ho-chi-minh-i1323/104987329,
104944516,4,"Bán nhà mặt tiền kinh doanh Lý Thường Kiệt, phường 7, Tân Bình, 224m2, 5 tầng","74,95 tỷ",74.95,224.0,Huyện Hêm,Xem thêm,4.0,4.0,17/12/2025,https://meeyland.com/ban-nha-mat-pho-tan-binh-ho-chi-minh-i1323/104944516,
104983030,4,"Bán nhà mặt tiền kinh doanh Tô Hiệu, Hiệp Tân, Tân Phú, 154m2, 5 tầng, ngang khủng 14m",31 tỷ,31.0,154.0,Huyện Hêm,Xem thêm,2.0,2.0,17/12/2025,https://meeyland.com/ban-nha-mat-pho-tan-phu-ho-chi-minh-i1323/104983030,
303916356,4,"Bán khách san mặt tiền đường số ngay Lê Văn Khương, Hiệp Thành, Quận 12, 260m2, 8 tầng",31 tỷ,31.0,260.0,Huyện Hêm,Xem thêm,55.0,55.0,17/12/2025,https://meeyland.com/ban-nha-mat-pho-quan-12-ho-chi-minh-i1323/303916356,
105626737,4,"Nhà mặt tiền kinh doanh hạ chào 9 tỷ cực vip Lê Thị Riêng, Bến Thành, quận 1, 43m2, 4 tầng","21,5 tỷ",21.5,43.0,Huyện Hêm,Xem thêm,4.0,4.0,17/12/2025,https://meeyland.com/ban-nha-mat-pho-quan-1-ho-chi-minh-i1323/105626737,
305072568,4,"Bán gấp nhà Bình Thạnh cạnh quận 1, vị trí tốt di chuyển trung tâm","3,9 tỷ",3.9,24.0,Huyện Hệ Tĩnh,"Đ. Xô Viết Nghệ Tĩnh, P. 11, Q. Bình Thạnh, Tp. Hồ Chí Minh",3.0,3.0,17/12/2025,https://meeyland.com/ban-nha-rieng-binh-thanh-ho-chi-minh-i1223/305072568,
302440763,4,"Bán nhà mặt tiền kinh doanh Nguyễn Thái Sơn, Phường 3, Gò Vấp, 78m2, 3 tầng, ngang 5m, có dòng tiền",13 tỷ,13.0,78.0,Huyện Hêm,Xem thêm,8.0,8.0,17/12/2025,https://meeyland.com/ban-nha-mat-pho-go-vap-ho-chi-minh-i1323/302440763,
306211506,4,"Nhà còn mới, ở ngay hoặc cho thuê kinh doanh siêu thuận tiện",9 tỷ,9.0,30.0,Huyện Hêm,Xem thêm,4.0,4.0,17/12/2025,https://meeyland.com/ban-nha-rieng-quan-3-ho-chi-minh-i1223/306211506,
305231428,4,"Bán gấp nhà, giá 2,95 tỷ, Lạc long Quân, phường 11, Tân Bình nhà mới 3 tầng, 48m2","2,95 tỷ",2.95,48.0,Huyện Hồ Chí Minh,"Đ. Lạc Long Quân, P. 1, Q. Tân Bình, Tp. Hồ Chí Minh",,,17/12/2025,https://meeyland.com/ban-nha-rieng-tan-binh-ho-chi-minh-i1223/305231428,
105389222,4,"Nhà mặt tiền kinh doanh đường số 6, Bình Hưng Hòa B, Bình Tân, 120m2, 4 tầng, cực đẹp","9,9 tỷ",9.9,120.0,Huyện Hêm,Xem thêm,5.0,5.0,17/12/2025,https://meeyland.com/ban-nha-mat-pho-binh-tan-ho-chi-minh-i1323/105389222,
303913195,4,"Bán nhà mặt tiền kinh doanh Thiên Hộ Dương, Phường 1, Gò Vấp, 73m2, 2 tầng, số A4","8,9 tỷ",8.9,73.0,Huyện Hêm,Xem thêm,2.0,2.0,17/12/2025,https://meeyland.com/ban-nha-mat-pho-go-vap-ho-chi-minh-i1323/303913195,
105383241,4,"Bán nhà mặt tiền kinh doanh, diện tích 270m2, giá bán 17,9 tỷ","17,9 tỷ",17.9,270.0,Huyện Hêm,Xem thêm,2.0,2.0,17/12/2025,https://meeyland.com/ban-nha-mat-pho-thu-duc-ho-chi-minh-i1323/105383241,
302350194,4,"Mặt tiền kinh doanh cực đỉnh đường Bạch Đằng, phường 2, Tân Bình, 92m2, 3 tầng, bán gấp","21,9 tỷ",21.9,92.0,Huyện Hêm,Xem thêm,4.0,4.0,17/12/2025,https://meeyland.com/ban-nha-mat-pho-tan-binh-ho-chi-minh-i1323/302350194,
305275011,4,"Chủ bán gấp nhà Vũ Huy Tấn, phường 7, Bình Thạnh, giá 2,95 tỷ, an ninh, gần trường","2,95 tỷ",2.95,48.0,Huyện Hêm,Xem thêm,,,17/12/2025,https://meeyland.com/ban-nha-rieng-binh-thanh-ho-chi-minh-i1223/305275011,
303008608,4,"Bán nhà mặt tiền kinh doanh ngộp, hạ 14 tỷ, Hoàng Hoa Thám, phường 7, Bình Thạnh, 156m2, 3 tầng, ngang 8m","33,9 tỷ",33.9,156.0,Huyện Hêm,Xem thêm,6.0,6.0,17/12/2025,https://meeyland.com/ban-nha-mat-pho-binh-thanh-ho-chi-minh-i1323/303008608,
105290595,4,"Bán mặt tiền kinh doanh đa ngành Lý Thường Kiệt, thị trấn Hóc Môn, 230m2","13,5 tỷ",13.5,230.0,Huyện Hêm,Xem thêm,4.0,4.0,17/12/2025,https://meeyland.com/ban-nha-mat-pho-hoc-mon-ho-chi-minh-i1323/105290595,
306212594,4,"Bán căn góc Duokey 100m2, 3 ngủ, 3 vệ sinh, phòng sinh hoạt chung, phòng bếp, phòng ăn, ban công","4,9 tỷ",4.9,100.0,Huyện Hêm,Xem thêm,3.0,3.0,17/12/2025,https://meeyland.com/ban-can-ho-chung-cu-thu-duc-ho-chi-minh-i1423/306212594,
103652704,4,"Bán nhà hẻm xe hơi kinh doanh Phan Huy Ích, phường 15, Tân Bình, 82m2, 3 tầng","10,5 tỷ",10.5,82.0,Huyện Han Huy Ích,"Đ. Phan Huy Ích, P. 15, Q. Tân Bình, Tp. Hồ Chí Minh",3.0,3.0,17/12/2025,https://meeyland.com/ban-nha-rieng-tan-binh-ho-chi-minh-i1223/103652704,
304238662,4,"Bán căn hộ dịch vụ Lê Văn Sỹ, phường 1, Tân Bình, 245m2, 4 tầng, 22 phòng cho thuê 95 triệu/tháng","42,9 tỷ",42.9,245.0,Huyện Hồ Chí Minh,"Đ. Lê Văn Sỹ, P. 1, Q. Tân Bình, Tp. Hồ Chí Minh",24.0,24.0,17/12/2025,https://meeyland.com/ban-nha-rieng-tan-binh-ho-chi-minh-i1223/304238662,
301706125,4,"Bán nhà mặt tiền kinh doanh Văn Thân, phường 8, quận 6, 160m2, 4 tầng, nở hậu, giá rẻ","19,5 tỷ",19.5,160.0,Huyện Hêm,Xem thêm,4.0,4.0,17/12/2025,https://meeyland.com/ban-nha-rieng-quan-6-ho-chi-minh-i1223/301706125,
104915311,4,"Bán đất thổ cư đường Lê Trọng Tấn, Tây Thạnh, Tân Phú, 55m2","4,3 tỷ",4.3,55.0,Huyện Hạnh,"P. Lê Trọng Tấn, P. Tây Thạnh, Q. Tân Phú, Tp. Hồ Chí Minh",,,17/12/2025,https://meeyland.com/ban-dat-tan-phu-ho-chi-minh-i1123/104915311,
104973662,4,"Bán nhà mặt tiền kinh doanh Phan Anh, Bình Trị Đông, Bình Tân 263m2, 3 tầng, giá 18,6 tỷ","18,6 tỷ",18.6,263.0,Huyện Hêm,Xem thêm,,,17/12/2025,https://meeyland.com/ban-nha-mat-pho-binh-tan-ho-chi-minh-i1323/104973662,
105124290,4,"Bán nhà mặt tiền kinh doanh Tô Hiến Thành, phường 15, quận 10, 91m2, 2 tầng, nở hậu, giá rẻ",22 tỷ,22.0,91.0,Huyện Hêm,Xem thêm,3.0,3.0,17/12/2025,https://meeyland.com/ban-nha-mat-pho-quan-10-ho-chi-minh-i1323/105124290,
104652322,4,"Bán nhà mặt tiền kinh doanh Lê Đình Thám, Tân Quý, Tân Phú, 66m2, 2 tầng, giá 9,3 tỷ","9,3 tỷ",9.3,66.0,Huyện Hêm,Xem thêm,3.0,3.0,17/12/2025,https://meeyland.com/ban-nha-mat-pho-tan-phu-ho-chi-minh-i1323/104652322,
303502673,5,"Bán nhà hẻm 8m kinh doanh Cộng Hoà, phường 13, Tân Bình, 136m2, 2 tầng, giá rẻ","18,9 tỷ",18.9,136.0,Huyện Hòa,"Đ. Cộng Hòa, P. 13, Q. Tân Bình, Tp. Hồ Chí Minh",7.0,7.0,17/12/2025,https://meeyland.com/ban-nha-rieng-tan-binh-ho-chi-minh-i1223/303502673,
301427560,5,"Bán căn hộ dịch vụ mặt tiền kinh doanh đường Văn Chung, phường 13, Tân Bình, 124m2, 6 tầng, thang máy","24,9 tỷ",24.9,124.0,Huyện Hêm,Xem thêm,17.0,17.0,17/12/2025,https://meeyland.com/ban-nha-mat-pho-tan-binh-ho-chi-minh-i1323/301427560,
106109925,5,"Bán nhà mặt tiền kinh doanh Nguyễn Gia Trí, phường 25, Bình Thạnh, 80m2, 5 tầng, giá rẻ","22,5 tỷ",22.5,80.0,Huyện Hêm,Xem thêm,,4.0,17/12/2025,https://meeyland.com/ban-nha-mat-pho-binh-thanh-ho-chi-minh-i1323/106109925,
306208445,5,"Bán nhà đẹp Nguyễn Xí, Bình Thạnh diện tích 48m2, nhà 3 tầng ở ngay giá 8,7 tỷ","8,7 tỷ",8.7,44.0,Huyện Thạnh,"P. Nguyễn Xí, P. 13, Q. Bình Thạnh, Tp. Hồ Chí Minh",3.0,3.0,16/12/2025,https://meeyland.com/ban-nha-rieng-binh-thanh-ho-chi-minh-i1223/306208445,
306074378,5,"Bán gấp nhà 3 tầng, hẻm rộng 5m, giáp Công viên Gia Định",12 tỷ,12.0,110.0,Huyện Hú Nhuận,"P. 10, Q. Phú Nhuận, Tp. Hồ Chí Minh",4.0,,16/12/2025,https://meeyland.com/ban-nha-rieng-phu-nhuan-ho-chi-minh-i1223/306074378,
306049824,5,"Bán nhà đường Ngô Quyền, Phường 6, diện tích 64,91m2, 1 trệt 1 lầu, 3 phòng ngủ, đường ô tô, giá chỉ 5,6 tỷ","5,6 tỷ",5.6,64.91,Quận  6,"Q. 6, Tp. Hồ Chí Minh",3.0,,16/12/2025,https://meeyland.com/ban-nha-rieng-quan-6-ho-chi-minh-i1223/306049824,
306060076,5,"Nhà 1 trệt 1 lầu hẻm xe hơi, kế Emart, giá 4,18 tỷ, chốt nhanh","4,18 tỷ",4.18,50.0,Huyện Thạnh,"Q. Bình Thạnh, Tp. Hồ Chí Minh",2.0,2.0,16/12/2025,https://meeyland.com/ban-nha-rieng-binh-thanh-ho-chi-minh-i1223/306060076,
106228642,5,"Bán nhà mặt tiền kinh doanh hạ chào 1,5 tỷ, Tân Trang, phường 9, Tân Bình, 50m2, 3 tầng","8,5 tỷ",8.5,50.0,Huyện Hồ Chí Minh,"Đ. Tân Trang, P. 9, Q. Tân Bình, Tp. Hồ Chí Minh",5.0,5.0,17/12/2025,https://meeyland.com/ban-nha-rieng-tan-binh-ho-chi-minh-i1223/106228642,
305806304,5,"Xe ngủ trong nhà, Phạm Văn Hai, phường 5, Tân Bình, 95m2, 4 tầng, 5 ngủ, cách mặt tiền 15m, ngang 5m","14,9 tỷ",14.9,95.0,Huyện Hêm,Xem thêm,5.0,5.0,17/12/2025,https://meeyland.com/ban-nha-rieng-tan-binh-ho-chi-minh-i1223/305806304,
301494928,5,"Bán căn hộ dịch vụ mặt tiền ngay Nguyễn Chánh Sắt, phường 13, Tân Bình, 190m2, 5 tầng, thang máy",36 tỷ,36.0,190.0,Huyện Hêm,Xem thêm,24.0,24.0,17/12/2025,https://meeyland.com/ban-nha-mat-pho-tan-binh-ho-chi-minh-i1323/301494928,
306075456,5,"Bán nhà đường 18B, Bình Hưng Hòa A, Bình Tân, 75m2, 4 tầng, ngang 5m, cách mặt tiền 2 căn","6,95 tỷ",6.95,75.0,Huyện Hêm,Xem thêm,4.0,4.0,17/12/2025,https://meeyland.com/ban-nha-rieng-binh-tan-ho-chi-minh-i1223/306075456,
305768575,5,"[Phường Bàn Cờ] Bán Nhà Ngay MT Lý Thái Tổ, Di Chuyển Gần Ra Vòng Xoay Nguyễn Văn Cừ Chỉ Hơn 8 Tỷ","8,6 tỷ",8.6,28.0,Huyện Hêm,Xem thêm,3.0,3.0,17/12/2025,https://meeyland.com/ban-nha-rieng-quan-3-ho-chi-minh-i1223/305768575,
306207956,5,"Nhà phố xây mới, thiết kế hiện đại, nằm tại vị trí đắc địa gần Chợ Gấu và Nhà Thờ Tân Đông","1,95 tỷ",1.95,52.0,Huyện Hạnh,"Đ. Ấp 4, X. Đông Thạnh, H. Hóc Môn, Tp. Hồ Chí Minh",2.0,2.0,16/12/2025,https://meeyland.com/ban-nha-rieng-hoc-mon-ho-chi-minh-i1223/306207956,
306049806,5,"Nhà hẻm Xô Viết Nghệ Tĩnh, 3 tầng, 3 phòng ngủ, sân để xe, giá tốt","6,2 tỷ",6.2,45.0,Quận  1,"Đ. Xô Viết Nghệ Tĩnh, Q. 1, Tp. Hồ Chí Minh",3.0,,16/12/2025,https://meeyland.com/ban-nha-rieng-quan-1-ho-chi-minh-i1223/306049806,
306061429,5,"Nhà 2 mặt Sơn Kỳ, Tây Thạnh, Tân Phú, 158m2, 2 tầng, ngang 13m, 87 triệu/ m2","13,85 tỷ",13.85,158.0,Huyện Hêm,Xem thêm,5.0,5.0,17/12/2025,https://meeyland.com/ban-nha-rieng-tan-phu-ho-chi-minh-i1223/306061429,
306059738,5,"Phú Nhuận, mua 1 tặng 3, hẻm xe hơi, giá tốt, sẵn sổ, 12,3 tỷ","12,3 tỷ",12.3,78.0,Huyện Hêm,Xem thêm,,,16/12/2025,https://meeyland.com/ban-nha-rieng-phu-nhuan-ho-chi-minh-i1223/306059738,
306049793,5,"Bán nhà mặt tiền đường Nguyễn Hậu, Tân Thành, 4 tầng, 7 phòng cho thuê",9 tỷ,9.0,52.0,Huyện Hêm,Xem thêm,7.0,,16/12/2025,https://meeyland.com/ban-nha-mat-pho-quan-7-ho-chi-minh-i1323/306049793,
306196121,5,"Chính chủ bán nhà quận 1 dưới 2 tỷ, nhà 3 tầng, 3 phòng ngủ giá 1,95 tỷ","1,95 tỷ",1.95,11.0,Huyện Hêm,Xem thêm,3.0,3.0,16/12/2025,https://meeyland.com/ban-nha-rieng-quan-1-ho-chi-minh-i1223/306196121,
304548148,5,"Chỉ 90 triệu/m2 có nhà hẻm xe hơi Lạc Long Quân, phường 10, Tân Bình, 125m2, 4 tầng sát mặt tiền","11,5 tỷ",11.5,125.0,Huyện Hồ Chí Minh,"Đ. Lạc Long Quân, P. 10, Q. Tân Bình, Tp. Hồ Chí Minh",5.0,5.0,17/12/2025,https://meeyland.com/ban-nha-rieng-tan-binh-ho-chi-minh-i1223/304548148,
303709146,5,"Bán đất hẻm xe hơi Phạm Đăng Giảng, Bình Hưng Hoà, Bình Tân, 133m2, ngang 4,5m, 46 triệu/m2","6,2 tỷ",6.2,133.0,Huyện Han Đăng Giảng,"Đ. Phan Đăng Giảng, P. Bình Hưng Hòa, Q. Bình Tân, Tp. Hồ Chí Minh",,,17/12/2025,https://meeyland.com/ban-dat-binh-tan-ho-chi-minh-i1123/303709146,
301705464,5,"Bán nhà kho full thổ, mặt tiền Thạnh Xuân 21, Thạnh Xuân, quận 12, 383m2, ngang 8m","23,9 tỷ",23.9,383.0,Huyện Hêm,Xem thêm,2.0,2.0,17/12/2025,https://meeyland.com/ban-nha-mat-pho-quan-12-ho-chi-minh-i1323/301705464,
305655680,5,"Bán nhà hẻm nhựa 7m kinh doanh, Bàu Bàng, phường 13, Tân Bình, 163m2, 4 tầng, nở hậu, giá cực tốt","21,9 tỷ",21.9,163.0,Huyện Hêm,Xem thêm,5.0,5.0,17/12/2025,https://meeyland.com/ban-nha-rieng-tan-binh-ho-chi-minh-i1223/305655680,
305441344,5,Chủ cần bán gấp trong tuần giá chốt nhanh cho khách thiện chí,"4,5 tỷ",4.5,62.0,Huyện Hêm,Xem thêm,3.0,3.0,16/12/2025,https://meeyland.com/ban-nha-rieng-go-vap-ho-chi-minh-i1223/305441344,
306074400,5,"Bán nhà 4 tầng có thang máy, 20 phòng, nở hậu 10m, ngay Đại học Công nghiệp 4 - 18.x tỷ, dòng tiền 1.5 tỷ/năm",18 tỷ,18.0,141.0,Huyện Hêm,Xem thêm,20.0,,16/12/2025,https://meeyland.com/ban-nha-rieng-go-vap-ho-chi-minh-i1223/306074400,
303673124,5,"Bán nhà hẻm xe hơi tránh đường Bạch Đằng, phường 2, Tân Bình, 73m2, 4 tầng, ngang 6,7m","12,5 tỷ",12.5,73.0,Huyện Đằng,"Đ. Bạch Đằng, P. 2, Q. Tân Bình, Tp. Hồ Chí Minh",6.0,6.0,17/12/2025,https://meeyland.com/ban-nha-rieng-tan-binh-ho-chi-minh-i1223/303673124,
305149219,5,"Chỉ 8,x tỷ có ngay nhà hẻm hạ chào 800 triệu, Trường Chinh, phường 14, Tân Bình, diện tích 87m2, 2 tầng","8,9 tỷ",8.9,87.0,Huyện Hêm,Xem thêm,3.0,3.0,17/12/2025,https://meeyland.com/ban-nha-rieng-tan-binh-ho-chi-minh-i1223/305149219,
305184424,5,"Nhà Chu Văn An, phường 12, Bình Thạnh căn 36,5m2, giá 1,9 tỷ","1,9 tỷ",1.9,36.5,Huyện Thạnh,"Đ. Nguyễn Gia Trí, P. 25, Q. Bình Thạnh, Tp. Hồ Chí Minh",3.0,3.0,16/12/2025,https://meeyland.com/ban-nha-rieng-binh-thanh-ho-chi-minh-i1223/305184424,
306050126,5,"Nhà 5 tầng Quận 6 4m x 14m, 6 phòng ngủ, hẻm xe tải thông, giá 7,2 tỷ, mua ngay kẻo lỡ","7,2 tỷ",7.2,56.0,Huyện Hêm,Xem thêm,6.0,6.0,16/12/2025,https://meeyland.com/ban-nha-rieng-quan-6-ho-chi-minh-i1223/306050126,
306074416,5,"Nhà 1 trệt 1 lầu kiên cố, diện tích rộng lớn, sân vườn thoáng mát tại Đa Phước, Bình Chánh","4,9 tỷ",4.9,201.3,Huyện Hước,"X. Đa Phước, H. Bình Chánh, Tp. Hồ Chí Minh",3.0,3.0,16/12/2025,https://meeyland.com/ban-nha-rieng-binh-chanh-ho-chi-minh-i1223/306074416,
301281240,5,"Bán nhà mặt tiền kinh doanh Hoàng Văn Thụ, phường 4, Tân Bình, 80m2, 2 tầng, giá rẻ, giá 18,5 tỷ","18,5 tỷ",18.5,80.0,Huyện Hêm,Xem thêm,3.0,3.0,17/12/2025,https://meeyland.com/ban-nha-mat-pho-tan-binh-ho-chi-minh-i1323/301281240,
304908115,6,"Bán đất vườn đường Kênh 10, Lê Minh Xuân, Bình Chánh","9,36 tỷ",9.36,1.871,Huyện ,"Đ. Kênh 10, X. Lê Minh Xuân, H. Bình Chánh, Tp. Hồ Chí Minh",,,16/12/2025,https://meeyland.com/ban-dat-binh-chanh-ho-chi-minh-i1123/304908115,
102375145,6,"Nhà 6m x 15m, 3 lầu, đường 65, khu Tân Quy Đông, phường Tân Phong, quận 7",30 tỷ,30.0,90.0,Huyện Hêm,Xem thêm,4.0,4.0,16/12/2025,https://meeyland.com/ban-nha-mat-pho-quan-7-ho-chi-minh-i1323/102375145,
304915540,6,"Bán đất vườn Lê Minh Xuân, diện tích 5000m2",12 tỷ,12.0,5.0,Huyện Hêm,Xem thêm,,,16/12/2025,https://meeyland.com/ban-dat-binh-chanh-ho-chi-minh-i1123/304915540,
104844062,6,"Bán gấp tòa nhà building 9 tầng, mặt tiền 98 Lâm Văn Bền, quận 7, giá đầu tư",75 tỷ,75.0,192.0,Huyện Hêm,Xem thêm,,,16/12/2025,https://meeyland.com/ban-nha-mat-pho-quan-7-ho-chi-minh-i1323/104844062,
104374954,6,"Bán căn hộ dịch vụ 6 lầu hẻm 791 Trần Xuân Soạn, phường Tân Hưng, quận 7",32 tỷ,32.0,140.0,Huyện Hêm,Xem thêm,,,16/12/2025,https://meeyland.com/ban-nha-mat-pho-quan-7-ho-chi-minh-i1323/104374954,
104285070,6,"Nhà cấp 4, diện tích 8,5m x 21,53m Nguyễn Thị Thập, phường Tân Phong, quận 7",98 tỷ,98.0,183.1,Huyện Hêm,Xem thêm,2.0,2.0,16/12/2025,https://meeyland.com/ban-nha-mat-pho-quan-7-ho-chi-minh-i1323/104285070,
306044600,6,"Dinh thự cổ điển giữa lòng Quận 7, liền kề Phú Mỹ Hưng","5,39 tỷ",5.39,77.0,Quận  7,"Đ. Phú Thuận, P. Tân Phú, Q. 7, Tp. Hồ Chí Minh",2.0,2.0,16/12/2025,https://meeyland.com/ban-can-ho-chung-cu-quan-7-ho-chi-minh-i1423/306044600,
306059774,6,"Toà nhà Đặng Dung, 340m2, 7 tầng, vị trí vàng, giá siêu hot",195 tỷ,195.0,336.0,Huyện Hêm,Xem thêm,,,16/12/2025,https://meeyland.com/ban-nha-mat-pho-quan-1-ho-chi-minh-i1323/306059774,
103524091,6,"Bán nhà góc 2 mặt tiền đường 79, phường Tân Quy, quận 7","29,3 tỷ",29.3,105.0,Huyện Hêm,Xem thêm,3.0,3.0,16/12/2025,https://meeyland.com/ban-nha-rieng-quan-7-ho-chi-minh-i1223/103524091,
306112746,6,"Nhà 4x18.5m trệt 2 lầu Đường Phan Huy Thực, phường Tân Kiểng, quận 7",15 tỷ,15.0,73.0,Quận  7,"Đ. Phan Huy Thực, P. Tân Kiểng, Q. 7, Tp. Hồ Chí Minh",3.0,3.0,16/12/2025,https://meeyland.com/ban-nha-mat-pho-quan-7-ho-chi-minh-i1323/306112746,
106219164,6,"Cần bán gấp 100m2, giá chỉ 1,1 tỷ, gần chợ Vĩnh Lộc A","1,1 tỷ",1.1,100.0,Huyện Lộc A,"X. Vĩnh Lộc A, H. Bình Chánh, Tp. Hồ Chí Minh",,,16/12/2025,https://meeyland.com/ban-dat-binh-chanh-ho-chi-minh-i1123/106219164,
104881335,6,"Nhà đường 40, khu Tân Quy Đông, phường Tân Phong, quận 7, diện tích 6m x 15m, 3 lầu",28 tỷ,28.0,90.0,Huyện Hêm,Xem thêm,4.0,4.0,16/12/2025,https://meeyland.com/ban-nha-mat-pho-quan-7-ho-chi-minh-i1323/104881335,
306112629,6,"Nhà 57m2, 4 lầu mặt tiền Lâm văn Bền phường Tân Thuận Tây, quận 7, giá tốt",18 tỷ,18.0,57.0,Quận  7,"Đ. Lâm Văn Bền, P. Tân Thuận Tây, Q. 7, Tp. Hồ Chí Minh",4.0,4.0,16/12/2025,https://meeyland.com/ban-nha-mat-pho-quan-7-ho-chi-minh-i1323/306112629,
104270851,6,"Đất xây nhà trọ 458 Huỳnh Tấn Phát, phường Bình Thuận, quận 7, diện tích 8,5m x 20m",24 tỷ,24.0,170.0,Huyện Hêm,Xem thêm,,,16/12/2025,https://meeyland.com/ban-dat-quan-7-ho-chi-minh-i1123/104270851,
304907024,6,"Bán đất vườn đường Kênh 4, Bình Lợi, diện tích 20.000m²",40 tỷ,40.0,20.0,Huyện ,"Đ. Kênh 4, X. Bình Lợi, H. Bình Chánh, Tp. Hồ Chí Minh",,,16/12/2025,https://meeyland.com/ban-dat-binh-chanh-ho-chi-minh-i1123/304907024,
103497475,6,"Nhà đất đường 36-77- 79-81-85 phường Tân Quy, quận 7",14 tỷ,14.0,82.0,Huyện Hêm,Xem thêm,2.0,2.0,16/12/2025,https://meeyland.com/ban-nha-rieng-quan-7-ho-chi-minh-i1223/103497475,
104333749,6,"Bán căn nhà 10,8m x 26,76m hẻm chính 30 Lâm Văn Bền, phường Tân Kiểng, quận 7",38 tỷ,38.0,289.0,Huyện Hêm,Xem thêm,,,16/12/2025,https://meeyland.com/ban-nha-mat-pho-quan-7-ho-chi-minh-i1323/104333749,
306151536,6,"Nhà phố đường 47 phường Tân Quy, quận 7 Tân Hưng mới, diện tích 144m2",29 tỷ,29.0,144.0,Quận  7,"120, Đ. 47, P. Tân Quy, Q. 7, Tp. Hồ Chí Minh",5.0,,16/12/2025,https://meeyland.com/ban-nha-mat-pho-quan-7-ho-chi-minh-i1323/306151536,
306151548,6,"Bán nhà đẹp 15 đường Số 19, Phường Tân Quy, diện tích 126m2, trệt + 2 lầu giá tốt","24,1 tỷ",24.1,126.0,Quận  7,"15, Đ. 19, P. Tân Quy, Q. 7, Tp. Hồ Chí Minh",4.0,4.0,16/12/2025,https://meeyland.com/ban-nha-mat-pho-quan-7-ho-chi-minh-i1323/306151548,
302087959,6,"Bán đất vườn Kênh 6 - Vườn Thơm, Bình Lợi","27,3 tỷ",27.3,9.13,Huyện ,"Đ. Kênh 6, X. Bình Lợi, H. Bình Chánh, Tp. Hồ Chí Minh",,,16/12/2025,https://meeyland.com/ban-dat-binh-chanh-ho-chi-minh-i1123/302087959,
301933287,6,"Hạ giá bán 50m2 - giá 1,56 tỷ An Phú Đông - Quận 12","1,56 tỷ",1.56,50.0,Huyện Hêm,Xem thêm,,,16/12/2025,https://meeyland.com/ban-dat-quan-12-ho-chi-minh-i1123/301933287,
304897453,6,"Bán nền 5m x 20m, Đại Phú, Lê Minh Xuân, Bình CHánh","3,5 tỷ",3.5,100.0,Huyện Hêm,Xem thêm,,,16/12/2025,https://meeyland.com/ban-dat-nen-du-an-binh-chanh-ho-chi-minh-i1423/304897453,
306049636,6,"Bạch Đằng, Quận 3, nhà cấp 4, 6m mặt tiền, giá nhỉnh 13 tỷ, công chứng liền tay",13 tỷ,13.0,84.0,Huyện Hêm,Xem thêm,,,16/12/2025,https://meeyland.com/ban-nha-rieng-quan-3-ho-chi-minh-i1223/306049636,
306060405,6,"Nhà vườn Hóc Môn 390m2 an nhiên, ngõ ô tô, giá hời","5,5 tỷ",5.5,390.0,Huyện Hêm,Xem thêm,,,16/12/2025,https://meeyland.com/ban-dat-hoc-mon-ho-chi-minh-i1123/306060405,
103524029,6,"Nhà góc 2 mặt tiền 6m x 19m, 3 lầu, phường Tân Phong, quận 7",24 tỷ,24.0,114.0,Huyện Hêm,Xem thêm,3.0,3.0,16/12/2025,https://meeyland.com/ban-nha-mat-pho-quan-7-ho-chi-minh-i1323/103524029,
306101490,6,"Bán nhà mặt tiền đường 13, phường Tân Kiểng, Quận 7","15,5 tỷ",15.5,73.0,Quận  7,"Đ. 13, P. Tân Kiểng, Q. 7, Tp. Hồ Chí Minh",4.0,4.0,16/12/2025,https://meeyland.com/ban-nha-mat-pho-quan-7-ho-chi-minh-i1323/306101490,
103501064,6,"Tổng hợp nhà cần bán đường kinh doanh Lê Văn Lương, quận 7, thành phố Hồ Chí Minh",13 tỷ,13.0,72.0,Huyện Hêm,Xem thêm,,,16/12/2025,https://meeyland.com/ban-nha-mat-pho-quan-7-ho-chi-minh-i1323/103501064,
306060101,6,"An cư lạc nghiệp tại Phú Nhuận, nhà thổ cư 100%, hẻm xe hơi, giá chỉ 990 triệu",990 triệu,990.0,98.6,Huyện Hêm,Xem thêm,,,16/12/2025,https://meeyland.com/ban-nha-rieng-phu-nhuan-ho-chi-minh-i1223/306060101,
104197320,6,"Bán nhà cấp 4, diện tích 475,5m2, 12,88m ngang, đường 41 phường Bình Thuận, quận 7",49 tỷ,49.0,475.5,Huyện Hêm,Xem thêm,2.0,2.0,16/12/2025,https://meeyland.com/ban-nha-rieng-quan-7-ho-chi-minh-i1223/104197320,
104375788,6,"Nhà cấp 4, 10m x 16m góc 2 mặt tiền đường 45 và Lâm Văn Bền, Tân Quy, quận 7",45 tỷ,45.0,160.0,Huyện Hêm,Xem thêm,2.0,2.0,16/12/2025,https://meeyland.com/ban-nha-mat-pho-quan-7-ho-chi-minh-i1323/104375788,
306207505,7,Cần bán gấp lô đất đẹp – giá giảm sâu,"5,6 tỷ",5.6,125.0,Quận  12,"Đ. Thạnh Xuân 25, P. Thạnh Xuân, Q. 12, Tp. Hồ Chí Minh",,,16/12/2025,https://meeyland.com/ban-dat-quan-12-ho-chi-minh-i1123/306207505,
306207538,7,"Nhà rộng hẻm ô tô thông, đối diện chung cư Celadon, 3.65 tỷ","3,65 tỷ",3.65,41.0,Huyện Hú,"Đ. CN1, P. Sơn Kỳ, Q. Tân Phú, Tp. Hồ Chí Minh",2.0,2.0,16/12/2025,https://meeyland.com/ban-nha-rieng-tan-phu-ho-chi-minh-i1223/306207538,
306207510,7,"Bán căn hộ 65m2, chung cư MT Eastmark City Q9, 3 Trường Lưu, Long Trường, Hồ Chí Minh","3,27 tỷ",3.27,65.0,Huyện Hêm,Xem thêm,1.0,1.0,16/12/2025,https://meeyland.com/ban-can-ho-chung-cu-thu-duc-ho-chi-minh-i1423/306207510,
306207504,7,"Chính chủ cần bán nhà hẻm xe hơi khu vip vị trí cực đẹp 72m2 giá 11,7 t","11,7 tỷ",11.7,72.0,Huyện Hêm,Xem thêm,3.0,3.0,16/12/2025,https://meeyland.com/ban-nha-rieng-binh-thanh-ho-chi-minh-i1223/306207504,
302314043,7,"Bán đất thổ An Lạc, Bình Tân gần Võ Văn Kiệt",,,2.3,Huyện Tân,"Đ. Lê Tấn Bê, P.  An Lạc, Q. Bình Tân, Tp. Hồ Chí Minh",,,16/12/2025,https://meeyland.com/ban-dat-binh-tan-ho-chi-minh-i1123/302314043,
306060792,7,"Nhà 3 tầng 4 phòng ngủ thoáng mát, hẻm rộng 3m khu vip Quận 10","6,89 tỷ",6.89,42.0,Huyện Hêm,Xem thêm,4.0,,16/12/2025,https://meeyland.com/ban-nha-rieng-quan-10-ho-chi-minh-i1223/306060792,
305193663,7,"Bán đất Nam Hùng Vương, Bình Tân, đường số 1 nối dài","5,5 tỷ",5.5,100.0,Huyện Hêm,Xem thêm,,,16/12/2025,https://meeyland.com/ban-dat-binh-tan-ho-chi-minh-i1123/305193663,
305098947,7,"Bán nền 100m2 khu dân cư Nam Hùng Vương, Bình Tân","5,5 tỷ",5.5,100.0,Huyện Hêm,Xem thêm,,,16/12/2025,https://meeyland.com/ban-dat-binh-tan-ho-chi-minh-i1123/305098947,
306207494,7,"Bán nhà 52,5m2, giá 2,45 tỷ đường Lê Lai, phường 3, Gò Vấp","2,45 tỷ",2.45,52.5,Huyện Hêm,Xem thêm,,,16/12/2025,https://meeyland.com/ban-nha-rieng-go-vap-ho-chi-minh-i1223/306207494,
303491986,7,"Đi nước ngoài bán gấp nhà 72m2, Phạm Văn Hai, Tân Bình, giá bán 2,99 tỷ","2,99 tỷ",2.99,72.0,Huyện Hạm Văn Hai,"Đ. Phạm Văn Hai, P. 5, Q. Tân Bình, Tp. Hồ Chí Minh",4.0,4.0,16/12/2025,https://meeyland.com/ban-nha-rieng-tan-binh-ho-chi-minh-i1223/303491986,
303888316,7,"Nhà đường Lam Sơn, phường 2, Tân Bình","4,35 tỷ",4.35,56.0,Huyện Hồ Chí Minh,"Đ. Lam Sơn, P. 2, Q. Tân Bình, Tp. Hồ Chí Minh",4.0,4.0,16/12/2025,https://meeyland.com/ban-nha-rieng-tan-binh-ho-chi-minh-i1223/303888316,
303983487,7,"Chính chủ cần bán nhà Binh Quới , phường 7, Bình Thạnh","1,93 tỷ",1.93,58.0,Huyện Hoàng Hoa Thám,"Đ. Hoàng Hoa Thám, P. 7, Q. Bình Thạnh, Tp. Hồ Chí Minh",,,16/12/2025,https://meeyland.com/ban-nha-rieng-binh-thanh-ho-chi-minh-i1223/303983487,
306060787,7,"Nhà 1 xẹt Nguyễn Thị Đặng, Quận 12, 4 tỷ 470 triệu, sổ riêng, hẻm xe hơi","4,47 tỷ",4.47,76.0,Huyện Hêm,Xem thêm,2.0,2.0,16/12/2025,https://meeyland.com/ban-nha-rieng-quan-12-ho-chi-minh-i1223/306060787,
306207508,7,"Bán nhà quận 7, Trần Xuân Soạn, duy nhất một căn chủ gấp bán 5 tầng, 4 phòng ngủ, chỉ 5 tỷ",5 tỷ,5.0,33.0,Huyện Hêm,Xem thêm,4.0,4.0,16/12/2025,https://meeyland.com/ban-nha-rieng-quan-7-ho-chi-minh-i1223/306207508,
306061185,7,"Nhà cấp 4, 121m2 hẻm Hoàng Văn Thụ, chỉ 1,4 tỷ, ô tô thoải mái","1,4 tỷ",1.4,121.0,Huyện Hoàng Hoa Thám,"Đ. Hoàng Hoa Thám, Q. Tân Bình, Tp. Hồ Chí Minh",2.0,,16/12/2025,https://meeyland.com/ban-nha-rieng-tan-binh-ho-chi-minh-i1223/306061185,
303482273,7,"Đi nước ngoài bán gấp nhà Xuân Thuỷ, Thảo Điền, quận 2, giá bán 3,99 tỷ","3,99 tỷ",3.99,675.0,TP Thủ Đức,"P. Thảo Điền, Tp. Thủ Đức, Tp. Hồ Chí Minh",3.0,3.0,16/12/2025,https://meeyland.com/ban-nha-rieng-thu-duc-ho-chi-minh-i1223/303482273,
302265260,7,"Bán đất 1,5ha mặt tiền Hưng Long - Quy Đức",,,15.0,Huyện Hưng Long,"Đường Hưng Long - Quy Đức, Đ. Hưng Long Quy Đức, X. Hưng Long, H. Bình Chánh, Tp. Hồ Chí Minh",,,16/12/2025,https://meeyland.com/ban-dat-binh-chanh-ho-chi-minh-i1123/302265260,
306207523,7,"Bán nhà quận 7 cạnh Lotte Him Lam, mặt tiền đường số Tân Quy đoạn xung nhất chỉ 10 tỷ",10 tỷ,10.0,88.0,Huyện Hêm,Xem thêm,1.0,1.0,16/12/2025,https://meeyland.com/ban-nha-mat-pho-quan-7-ho-chi-minh-i1323/306207523,
306044648,7,"Nhà 4 tầng Bình Tân giáp Quận 6, 5m x 18m nở hậu, 6 phòng ngủ, chỉ 8,9 tỷ","8,9 tỷ",8.9,90.0,Huyện Hêm,Xem thêm,6.0,,16/12/2025,https://meeyland.com/ban-nha-rieng-binh-tan-ho-chi-minh-i1223/306044648,
306207561,7,"Mặt tiền chính Lý Phục Man, quận 7, diện tích 141m2 ngay chợ","23,9 tỷ",23.9,141.0,Quận  7,"Đ. Lý Phục Man, P. Bình Thuận, Q. 7, Tp. Hồ Chí Minh",3.0,3.0,16/12/2025,https://meeyland.com/ban-nha-mat-pho-quan-7-ho-chi-minh-i1323/306207561,
306060434,7,"Ngôi nhà trong mơ, 52m2 view công viên, hẻm xe hơi, 4 phòng ngủ",10 tỷ,10.0,52.0,Huyện Hêm,Xem thêm,4.0,,16/12/2025,https://meeyland.com/ban-nha-rieng-tan-binh-ho-chi-minh-i1223/306060434,
306060771,7,"Nhà 1 trệt 1 lầu 57m² trung tâm Thủ Đức, giá 4,3 tỷ","4,3 tỷ",4.3,56.7,Huyện Hêm,Xem thêm,2.0,2.0,16/12/2025,https://meeyland.com/ban-nha-rieng-thu-duc-ho-chi-minh-i1223/306060771,
302069156,7,"Bán đất vành đai 3 đường Kênh 10, Lê Minh Xuân, Bình Chánh",150 tỷ,150.0,30.0,Huyện ,"Đ. Kênh 10, X. Lê Minh Xuân, H. Bình Chánh, Tp. Hồ Chí Minh",,,16/12/2025,https://meeyland.com/ban-dat-binh-chanh-ho-chi-minh-i1123/302069156,
306130150,7,"Bán 1000m2 đất vườn Lê Minh Xuân, Bình Chánh",4 tỷ,4.0,1.0,Huyện Hêm,Xem thêm,,,16/12/2025,https://meeyland.com/ban-dat-binh-chanh-ho-chi-minh-i1123/306130150,
306056309,7,"Bán đất vườn ngay chợ Lê Minh Xuân, Bình Chánh","16,74 tỷ",16.74,62.0,Huyện Hêm,Xem thêm,,,16/12/2025,https://meeyland.com/ban-dat-binh-tan-ho-chi-minh-i1123/306056309,
306079866,7,"Cần bán gấp nhà Quang Trung, phường 16, Gò Vấp, giá 3 tỷ 990, diện tích 56m2","3,99 tỷ",3.99,56.0,Huyện Hống Nhất,"Đ. Thống Nhất, P. 16, Q. Gò Vấp, Tp. Hồ Chí Minh",,,16/12/2025,https://meeyland.com/ban-nha-rieng-go-vap-ho-chi-minh-i1223/306079866,
302659503,7,"Bán đất đường Trương Văn Đa, Bình Lợi, Bình Chánh",70 tỷ,70.0,21.0,Huyện Lợi,"X. Bình Lợi, H. Bình Chánh, Tp. Hồ Chí Minh",,,16/12/2025,https://meeyland.com/ban-dat-binh-chanh-ho-chi-minh-i1123/302659503,
306207495,7,"Bán nhà 70m2 đường Cô Giang, quận 1, xây, 4 tầng. Hẻm 6m gần chợ Nga, cho thuê 25 triệu/ tháng","5,5 tỷ",5.5,70.0,Quận  1,"P. Cô Giang, Q. 1, Tp. Hồ Chí Minh",4.0,4.0,16/12/2025,https://meeyland.com/ban-nha-rieng-quan-1-ho-chi-minh-i1223/306207495,
304042870,7,Bán lô đất 2 mặt tiền 366m2 - Lê Thị Hà - Tân Xuân - Hóc Môn - giá đầu tư,8 tỷ,8.0,366.0,Huyện Hêm,Xem thêm,,,16/12/2025,https://meeyland.com/ban-dat-hoc-mon-ho-chi-minh-i1123/304042870,
306074714,7,"Bán nhà 4x13m, 2 phòng ngủ, giá 3.72 tỷ tại Hiệp Thành, Quận 12","3,72 tỷ",3.72,52.0,Quận  12,"P. Hiệp Thành, Q. 12, Tp. Hồ Chí Minh",2.0,,16/12/2025,https://meeyland.com/ban-nha-rieng-quan-12-ho-chi-minh-i1223/306074714,
305046082,8,"Kẹt tiền bán gấp nhà Bùi Đình Túy, Bình Thạnh. Giá 2,99 tỷ, 56m2, hẻm xe hơi 6m","2,99 tỷ",2.99,56.0,Huyện Hêm,Xem thêm,4.0,4.0,16/12/2025,https://meeyland.com/ban-nha-rieng-binh-thanh-ho-chi-minh-i1223/305046082,
306008476,8,"Bán gấp đất mặt tiền Tỉnh Lộ 15, Củ Chi diện tích khủng, giá hấp dẫn","15,5 tỷ",15.5,4.945,Huyện Hêm,Xem thêm,,,16/12/2025,https://meeyland.com/ban-dat-cu-chi-ho-chi-minh-i1123/306008476,
306051671,8,"Nhà 3 tầng 4 ngủ hẻm 4.5m Võ Trường Toản, Chợ Lớn - 5.98 tỷ","5,98 tỷ",5.98,24.0,Huyện Hêm,Xem thêm,4.0,4.0,16/12/2025,https://meeyland.com/ban-nha-rieng-thu-duc-ho-chi-minh-i1223/306051671,
306052354,8,"Biệt thự 9x18m có thang máy, khu Bộ Công An Quận 7 - 8 phút đến Chợ Bến Thành",17 tỷ,17.0,162.0,Huyện Hêm,Xem thêm,,,16/12/2025,https://meeyland.com/ban-biet-thu-lien-ke-quan-7-ho-chi-minh-i1423/306052354,
304979081,8,"Bán gấp nhà Trần Khắc Chân, quận 1, giá 3,55 tỷ, diện tích 44m2, sang tên mua bán ngay trong ngày","3,55 tỷ",3.55,44.0,Huyện Hêm,Xem thêm,4.0,4.0,16/12/2025,https://meeyland.com/ban-nha-rieng-quan-1-ho-chi-minh-i1223/304979081,
305072577,8,"Bán gấp nhà Phổ Quang, phường 2, Tân Bình, giá 3,01 tỷ, 64m2, hẻm xe hơi rộng 6m","3,01 tỷ",3.01,64.0,Huyện Hêm,Xem thêm,4.0,4.0,16/12/2025,https://meeyland.com/ban-nha-rieng-tan-binh-ho-chi-minh-i1223/305072577,
306207472,8,"Bán nhà 2 mặt tiền ngay Đinh Tiên Hoàng, phường ĐaKao, diện tích 880m2, giá 390 tỷ",390 tỷ,390.0,880.0,Quận  1,"Đ. Đinh Tiên Hoàng, P. Đa Kao, Q. 1, Tp. Hồ Chí Minh",,,16/12/2025,https://meeyland.com/ban-nha-rieng-quan-1-ho-chi-minh-i1223/306207472,
306051849,8,"Nhà hẻm ba gác, 4x8.5m, khu dân cư yên tĩnh, chỉ 3.48 tỷ","3,48 tỷ",3.48,34.0,Huyện Hêm,Xem thêm,,,16/12/2025,https://meeyland.com/ban-nha-rieng-quan-8-ho-chi-minh-i1223/306051849,
304968743,8,"Chính chủ bán gấp nhà Hồng Bàng, quận 5, giá 3,55 tỷ","3,55 tỷ",3.55,64.0,Huyện Hêm,Xem thêm,2.0,2.0,16/12/2025,https://meeyland.com/ban-nha-rieng-quan-5-ho-chi-minh-i1223/304968743,
306008335,8,"Nhà mặt tiền Nguyễn Du, Gò Vấp cơ hội kinh doanh vàng, giá 13,5 tỷ","13,5 tỷ",13.5,80.0,Huyện Hêm,Xem thêm,3.0,3.0,16/12/2025,https://meeyland.com/ban-nha-mat-pho-go-vap-ho-chi-minh-i1323/306008335,
305085256,8,"Bán lỗ nhà Xuân Thủy, quận 2, giá 3,2 tỷ, 52m2, Như hẻm xe hơi rộng rãi","3,2 tỷ",3.2,52.0,Huyện Hêm,Xem thêm,4.0,4.0,16/12/2025,https://meeyland.com/ban-nha-rieng-thu-duc-ho-chi-minh-i1223/305085256,
306008397,8,"Nhà hẻm xe hơi thông, gần phố ẩm thực Phan Xích Long, 3 lầu, 3 phòng ngủ, nhỉnh 5 tỷ",5 tỷ,5.0,19.0,Huyện Hêm,Xem thêm,3.0,,16/12/2025,https://meeyland.com/ban-nha-rieng-quan-3-ho-chi-minh-i1223/306008397,
306053309,8,"Nhà đúc 2 tầng, 3 ngủ, đường xe hơi thông, ngay Hương Lộ 2, Bình Tân - 4x10m",,,40.0,Huyện Hêm,Xem thêm,3.0,,16/12/2025,https://meeyland.com/ban-nha-rieng-binh-tan-ho-chi-minh-i1223/306053309,
306053308,8,"Nhà 4 tầng Bình Thạnh 77m2 đất, hẻm xe tải, giá 'hời' 8 tỷ",8 tỷ,8.0,77.0,Huyện Thạnh,"P. 7, Q. Bình Thạnh, Tp. Hồ Chí Minh",4.0,,16/12/2025,https://meeyland.com/ban-nha-rieng-binh-thanh-ho-chi-minh-i1223/306053308,
306074857,8,"Căn góc 76m², 3 mặt tiền ngay công viên Làng Hoa, Gò Vấp - Nhỉnh 6 tỷ",,,76.0,Huyện Hồ Chí Minh,"P. 10, Q. Gò Vấp, Tp. Hồ Chí Minh",4.0,4.0,16/12/2025,https://meeyland.com/ban-nha-rieng-go-vap-ho-chi-minh-i1223/306074857,
306075022,8,"Bán nhà mặt tiền đường Nguyễn Thị Pha, Hóc Môn, vị trí kinh doanh đắc lợi","5,65 tỷ",5.65,100.0,Huyện Hị Pha,"Đ. Nguyễn Thị Pha, X. Đông Thạnh, H. Hóc Môn, Tp. Hồ Chí Minh",,,16/12/2025,https://meeyland.com/ban-nha-rieng-hoc-mon-ho-chi-minh-i1223/306075022,
306041497,8,"Siêu phẩm nhà pháp 4 phòng ngủ, 8,6 tỷ, ngay Hoàng Hữu Nam, thành phố Thủ Đức","8,6 tỷ",8.6,56.7,Huyện Hêm,Xem thêm,4.0,4.0,16/12/2025,https://meeyland.com/ban-nha-rieng-thu-duc-ho-chi-minh-i1223/306041497,
303739902,8,"Bán nhà Nguyễn Văn Luông, phường 11, quận 6","2,96 tỷ",2.96,56.0,Quận  6,"Đ. Nguyễn Văn Luông, P. 11, Q. 6, Tp. Hồ Chí Minh",2.0,2.0,16/12/2025,https://meeyland.com/ban-nha-rieng-quan-6-ho-chi-minh-i1223/303739902,
306052124,8,"Nhà phố mặt tiền kinh doanh đắc địa, dòng tiền 35 triệu/tháng",28 tỷ,28.0,133.0,Huyện Hêm,Xem thêm,4.0,4.0,16/12/2025,https://meeyland.com/ban-nha-mat-pho-quan-7-ho-chi-minh-i1323/306052124,
306050587,8,"Đất vàng Quận 9, 42m2, sổ riêng, giá yêu thương",700 triệu,700.0,42.0,TP Thủ Đức,"P. Phước Long B, Tp. Thủ Đức, Tp. Hồ Chí Minh",,,16/12/2025,https://meeyland.com/ban-dat-thu-duc-ho-chi-minh-i1123/306050587,
306005155,8,"Bán gấp nhà Võ Văn Ngân, Bình Thọ, Thủ Đức, giá 3,55 tỷ thương lượng","3,55 tỷ",3.55,65.0,TP Thủ Đức,"P. Bình Thọ, Tp. Thủ Đức, Tp. Hồ Chí Minh",,,16/12/2025,https://meeyland.com/ban-nha-rieng-thu-duc-ho-chi-minh-i1223/306005155,
305191291,8,"Bán lỗ nhà Nguyễn Văn Hưởng, quận 2, giá 3,45 tỷ, 52m2, hẻm xe hơi rộng rãi","3,45 tỷ",3.45,52.0,TP Thủ Đức,"P. Thảo Điền, Tp. Thủ Đức, Tp. Hồ Chí Minh",,,16/12/2025,https://meeyland.com/ban-nha-rieng-thu-duc-ho-chi-minh-i1223/305191291,
306207462,8,"Nhà hẻm 4m Nguyễn Trãi, quận 5, diện tích 43,8m2, 4 lầu, giá 10,7 tỷ","10,7 tỷ",10.7,43.8,Huyện Hêm,Xem thêm,5.0,5.0,16/12/2025,https://meeyland.com/ban-nha-rieng-quan-5-ho-chi-minh-i1223/306207462,
306074980,8,"Bán nhà mặt tiền kinh doanh đa ngành nghề, 4 tầng, 4 phòng ngủ, giá 7.8 tỷ tại Gò Vấp","7,8 tỷ",7.8,64.0,Huyện Hồ Chí Minh,"P. 3, Q. Gò Vấp, Tp. Hồ Chí Minh",4.0,4.0,16/12/2025,https://meeyland.com/ban-nha-mat-pho-go-vap-ho-chi-minh-i1323/306074980,
301161836,8,"Cần bán nhà gần chợ Bình Chánh, 3 phòng ngủ, 2 vệ sinh, giá chỉ 1,65 tỷ","1,65 tỷ",1.65,100.0,Huyện Chánh,"Đ. Bình Chánh, X. Bình Chánh, H. Bình Chánh, Tp. Hồ Chí Minh",3.0,3.0,16/12/2025,https://meeyland.com/ban-nha-rieng-binh-chanh-ho-chi-minh-i1223/301161836,
306074989,8,"Cần bán nhà 1 lầu tại ấp 3, xã Đông Thạnh, huyện Hóc Môn, diện tích 37m2, gần chợ Gấu, khu dân cư đông đúc",485 triệu,485.0,37.0,Huyện Hạnh,"Đ. Ấp 3, X. Đông Thạnh, H. Hóc Môn, Tp. Hồ Chí Minh",,,16/12/2025,https://meeyland.com/ban-nha-rieng-hoc-mon-ho-chi-minh-i1223/306074989,
306051970,8,Nhà Tôn Đản Quận 4 - 3 tầng xinh xinh - Nhỉnh 2 tỷ,2 tỷ,2.0,27.9,Huyện Hêm,Xem thêm,,,16/12/2025,https://meeyland.com/ban-nha-rieng-quan-4-ho-chi-minh-i1223/306051970,
306207496,8,"Bán nhà hẻm mặt tiền 10m 2 xe hơi quay đầu đối diện bến xe Miền Đông khu an ninh cao giá chỉ 9,75 tỷ","9,75 tỷ",9.75,51.0,Huyện Hêm,Xem thêm,6.0,6.0,16/12/2025,https://meeyland.com/ban-nha-rieng-binh-thanh-ho-chi-minh-i1223/306207496,
306207456,8,"Chào mừng quý khách đến với ""thiên đường"" của riêng bạn tại Tân Thới Nhất, quận 12","10,5 tỷ",10.5,87.75,Quận  12,"Q. 12, Tp. Hồ Chí Minh",4.0,,16/12/2025,https://meeyland.com/ban-nha-rieng-quan-12-ho-chi-minh-i1223/306207456,
306051961,8,"Nhà 4 tầng kiên cố, 11 phòng ngủ, 11 WC, mặt tiền 4m, 10.5 tỷ","10,5 tỷ",10.5,72.0,Huyện Hêm,Xem thêm,11.0,4.0,16/12/2025,https://meeyland.com/ban-nha-rieng-quan-5-ho-chi-minh-i1223/306051961,
306053544,9,"Nhà 3 tầng hẻm ô tô, Tân Chánh Hiệp 5, Quận 12 - Đầu tư cho thuê, thu nhập 12 triệu/tháng","5,85 tỷ",5.85,61.2,Huyện Hêm,Xem thêm,4.0,,16/12/2025,https://meeyland.com/ban-nha-rieng-quan-12-ho-chi-minh-i1223/306053544,
102780876,9,"Bán nhà hẻm xe hơi, Nguyễn Duy Trinh, Bình Trưng Tây, quận 2, giá 8,5 tỷ","8,5 tỷ",8.5,118.0,Huyện Hêm,Xem thêm,4.0,4.0,16/12/2025,https://meeyland.com/ban-nha-rieng-thu-duc-ho-chi-minh-i1223/102780876,
306207461,9,"Chủ giảm 300 triệu bán nhà 50m2, gần 50m2, giá bán 4,2 tỷ","4,2 tỷ",4.2,50.0,Huyện Trị Đông,"P. Bình Trị Đông, Q. Bình Tân, Tp. Hồ Chí Minh",,,16/12/2025,https://meeyland.com/ban-nha-rieng-binh-tan-ho-chi-minh-i1223/306207461,
306071450,9,"Siêu phẩm nhà mặt tiền gần 80m2 tại 593 Phạm Văn Chiêu, Phường 15, Quận Gò Vấp",9 tỷ,9.0,74.0,Huyện Hạm Văn Chiêu,"Đ. Phạm Văn Chiêu, P. 15, Q. Gò Vấp, Tp. Hồ Chí Minh",4.0,,16/12/2025,https://meeyland.com/ban-nha-mat-pho-go-vap-ho-chi-minh-i1323/306071450,
301869322,9,"Bán nhà chính chủ quận 9, gồm sân đậu xe, khách, bếp ăn, 2 ngủ, 2 vệ sinh","3,7 tỷ",3.7,51.0,Huyện Hêm,Xem thêm,2.0,2.0,16/12/2025,https://meeyland.com/ban-nha-rieng-thu-duc-ho-chi-minh-i1223/301869322,
306207264,9,Bán nhà 50m2 đường số 30 có kết cấu 3 tầng bê tông cốt thép,"5,5 tỷ",5.5,47.9,Huyện Hồ Chí Minh,"Đ. 30, P. 6, Q. Gò Vấp, Tp. Hồ Chí Minh",,,16/12/2025,https://meeyland.com/ban-nha-rieng-go-vap-ho-chi-minh-i1223/306207264,
302375345,9,"Bán đất hẻm xe tải đường Quốc Hương, Thảo Điền, Thủ Đức, giá 31 tỷ",31 tỷ,31.0,129.0,Huyện Hêm,Xem thêm,,,16/12/2025,https://meeyland.com/ban-dat-thu-duc-ho-chi-minh-i1123/302375345,
301364753,9,"Bán biệt thự mặt tiền Nguyễn Văn Hưởng phường Thảo Điền, Thủ Đức, giá 180 tỷ",180 tỷ,180.0,497.0,Huyện Hêm,Xem thêm,5.0,5.0,16/12/2025,https://meeyland.com/ban-nha-rieng-thu-duc-ho-chi-minh-i1223/301364753,
306206946,9,Căn hộ ở liền ngay khu chế xuất Tân Thuận 1.5 tỷ nhận nhà,2 tỷ,2.0,95.0,Quận  7,"Đ. Nguyễn Văn Linh, P. Tân Thuận Tây, Q. 7, Tp. Hồ Chí Minh",3.0,3.0,16/12/2025,https://meeyland.com/ban-can-ho-chung-cu-quan-7-ho-chi-minh-i1423/306206946,
302601912,9,"Bán nhà mặt tiền đường Nguyễn Duy Trinh, Bình Trưng Đông, Thủ Đức, giá 27 tỷ",27 tỷ,27.0,100.0,Huyện Hêm,Xem thêm,4.0,4.0,16/12/2025,https://meeyland.com/ban-nha-mat-pho-thu-duc-ho-chi-minh-i1323/302601912,
