id,Page,Title,Price_Raw,Price_Billion,Area_m2,District,Address,Bedrooms,Toilets,Post_Time,Link,Description,Mặt tiền,Chiều sâu,Nội thất,Số ban công,Mức độ giao dịch,Tiện ích,Ưu điểm BĐS,Hướng ban công
306250366,1,Bán nhà đường 6 phường Long Trường,"4,59 tỷ",4.59,,TP Thủ Đức,"Tp. Thủ Đức, Tp. Hồ Chí Minh",4,4,21/12/2025,https://meeyland.com/ban-nha-mat-pho-thu-duc-ho-chi-minh-i1323/306250366,"Bán nhà đường 6 phường Long Trường Nhà 3 tầng – 55m² – kiên cố – ở ngay Khu phân lô – đường xe hơi 6m – ngay UBND P. Long Trường – TP Thủ Đức Chỉ 4,59 tỷ Diện tích: 55m² (5.5 × 9.95m) – DTS: 136m² Kết cấu: 1 trệt 2 lầu– 4 phòng ngủ– 3 WC– Ban công thoáng mát Nhà sạch sẽ, dọn vào ở ngay Vị trí vàng:– Đường số 6, ngay UBND P. Long Trường– Gần trường cấp 1, 2 – chợ – tiện ích đầy đủ– Khu dân cư hiện hữu, an ninh, đường thông thoáng",5m,9m,Có,2,Gấp,"Wifi, Khu để xe","Đang có lợi nhuận cao, Quy hoạch ổn định, Dân trí cao, Giao thông thuận lợi, Vị trí trung tâm",
306272384,1,"Cần bán 2 sổ đất CLN Xuân Thới Thượng – Hóc Môn, diện tích 6.610m², giá tốt đầu tư",N/A,,,Huyện  Hóc Môn,"X. Xuân Thới Thượng, H. Hóc Môn, Tp. Hồ Chí Minh",,,24/12/2025,https://meeyland.com/ban-mat-bang-cua-hang-ki-ot-hoc-mon-ho-chi-minh-i1623/306272384,"Cần bán 2 sổ đất CLN Xuân Thới Thượng – Hóc Môn, diện tích 6.610m², giá tốt đầu tư Vị trí:Xã Xuân Thới Thượng, huyện Hóc Môn, TP. Hồ Chí Minh Khu vực đất rộng, dân cư hiện hữu, thuận tiện di chuyển về trung tâm Hóc Môn – Củ Chi – Q12. Pháp lý rõ ràng – sổ hồng riêng Thửa 617 – diện tích 6.610m² Thông tin quy hoạch – sử dụng đất Loại đất: Đất trồng cây lâu năm (CLN) Hình thức sử dụng: Sử dụng riêng Thời hạn sử dụng: Đến 21/06/2071 Nguồn gốc: Nhà nước công nhận QSDĐ như giao đất không thu tiền sử dụng đất Ưu điểm nổi bật Diện tích lớn, hiếm khu vực Hóc Môn Phù hợp: Đầu tư trung – dài hạn Làm trang trại, nhà vườn Gom quỹ đất chờ quy hoạch",,,,,Gấp,,,
306272361,1,"Bán đất CLN 548,2m² Xuân Thới Thượng – Hóc Môn sổ riêng, giá tốt",N/A,,,Huyện  Hóc Môn,"X. Xuân Thới Thượng, H. Hóc Môn, Tp. Hồ Chí Minh",,,24/12/2025,https://meeyland.com/ban-mat-bang-cua-hang-ki-ot-hoc-mon-ho-chi-minh-i1623/306272361,"Bán đất CLN 548,2m² Xuân Thới Thượng – Hóc Môn sổ riêng, giá tốt Vị trí xã Xuân Thới Thượng, huyện Hóc Môn, TP.HCM Khu vực đất rộng, thoáng, thuận tiện di chuyển về trung tâm Hóc Môn – Q12 – Củ Chi. Thông tin pháp lý Thửa đất số: 618 – Tờ bản đồ: 66 Diện tích: 548,2m² Hình thức sử dụng: Sử dụng riêng Loại đất: Đất trồng cây lâu năm (CLN) Nguồn gốc: Nhà nước công nhận QSDĐ như giao đất không thu tiền sử dụng đất Sổ hồng riêng – pháp lý rõ ràng Công năng – tiềm năng Phù hợp làm: Nhà vườn, trồng cây, trang trại nhỏ Đầu tư giữ đất trung – dài hạn Diện tích đẹp, dễ mua – dễ bán so với các lô quá lớn",,,,,Gấp,,,
306248489,1,"Siêu phẩm Tên Lửa diện tích 85m2, ngang lớn 5m dòng tiền ổn định 7,9 tỷ","7,9 tỷ",7.9,85.0,N/A,"P. Bình Trị Đông B, Q. Bình Tân, Tp. Hồ Chí Minh",5,5,21/12/2025,https://meeyland.com/ban-nha-rieng-binh-tan-ho-chi-minh-i1223/306248489,"Siêu phẩm Tên Lửa diện tích 85m2, ngang lớn 5m dòng tiền ổn định 7,9 tỷ -Mặt tiền đường 6m, xe tải đỗ cửa -Ngay sát Aeon Mall Bình Tân , BV Quốc tế City... tiện ích bủa vây không thiếu thứ gì. -Dân trí cao, an ninh tuyệt đối. Rất thích hợp để xây mới thành Căn hộ dịch vụ (CHDV) cao cấp hoặc văn phòng công ty. -Pháp lý: sổ hồng chính chủ, pháp lý đầy đủ. SxSvW N TL - Liên hệ: tandatnhapho.com chuyên nhà đẹp _ khong chin mot tam nam tam chin hai ba bon 0918589234 _ để được xem nhà sớm nhất, phù hợp nhất mà hoàn toàn miễn phí 24/7.",5m,17m,Có,,Gấp,"Wifi, Khu để xe","Cho thuê giá cao, Đang có lợi nhuận cao, GPXD cao tầng, Dân trí cao, Vị trí trung tâm",
306244367,1,BÁN NHÀ 3 TẦNG ĐƯỜNG 6 LONG TRƯỜNG,"5,19 tỷ",5.19,,TP Thủ Đức,"P. Long Trường, Tp. Thủ Đức, Tp. Hồ Chí Minh",3,3,21/12/2025,https://meeyland.com/ban-nha-rieng-thu-duc-ho-chi-minh-i1223/306244367,"Bán nhà 3 tầng đường 6, Long Trường 1 sẹc Đường Số 6 – Phường Long Trường – TP Thủ Đức 100m ra Nguyễn Duy Trinh – ngay UBND phường Diện tích: 51m² – ngang 4m vuông vức Kết cấu: 1 trệt + 2 lầu Gồm: sân trước, phòng khách, bếp, 3 phòng ngủ – 3 WC Đường trước nhà: 6m – ô tô ra vào thoải mái Tiện ích: sát UBND, chợ, trường học, ngân hàng Pháp lý: Sổ hồng riêng – hoàn công đầy đủ Nhà vị trí trung tâm Long Trường, phù hợp ở gia đình hoặc đầu tư giữ tài sản",4m,"12,75m",Có,2,Gấp,"Wifi, Khu để xe","Đang có lợi nhuận cao, Quy hoạch ổn định, Dân trí cao, Giao thông thuận lợi, Ô tô đỗ gần",
306236703,1,"Bán nhà Quận 12, Nguyễn Anh Thủ, khu dân cư hiện hữu","7,5 tỷ",7.5,,N/A,"P. Tân Chánh Hiệp, Q. 12, Tp. Hồ Chí Minh",4,4,19/12/2025,https://meeyland.com/ban-nha-rieng-quan-12-ho-chi-minh-i1223/306236703,"Bán nhà Quận 12, Nguyễn Anh Thủ, khu dân cư hiện hữu Diện tích: Ngang 5,10m x Dài 19m (vuông vức, đẹp) Kết cấu: Nhà kiên cố, thiết kế hiện đại, không gian thoáng Công năng: Phòng khách – bếp – phòng ngủ – WC đầy đủ (có thể cải tạo thêm tầng theo nhu cầu) Hẻm/đường: Rộng, sạch sẽ, xe hơi ra vào thuận tiện Vị trí đắc địa: Khu vực Nguyễn Anh Thủ – Quận 12 Gần chợ, trường học, siêu thị, UBND Kết nối nhanh Tô Ký – Song Hành – Trường Chinh Khu dân cư an ninh, dân trí cao Pháp lý: Sổ hồng riêng, công chứng ngay Giá bán: Thương lượng chính chủ – thiện chí Phù hợp ở lâu dài – đầu tư giữ tiền – cho thuê Liên hệ: Mr ĐƯỜNG","5,1m",18m,,,Càng sớm càng tốt,,"Dân trí cao, Giao thông thuận lợi, Gần nhiều tiện ích",
306235856,1,Bán nhà Phú Hữu giáp quận 2 Thủ Đức,"4,35 tỷ",4.35,,TP Thủ Đức,"Tp. Thủ Đức, Tp. Hồ Chí Minh",3,,19/12/2025,https://meeyland.com/ban-nha-rieng-thu-duc-ho-chi-minh-i1223/306235856,"Bán nhà Phú Hữu giáp quận 2 Thủ Đức Khu phân lô, đường xe hơi ra vào thoải mái Diện tích: 50,5m² – diện tích sàn 110m² Kết cấu: 1 trệt + 1 lầu + 1 lửng 3 phòng ngủ – 3 toilet, bố trí hợp lý Hướng: Tây Nam Pháp lý: Sổ hồng riêng – hoàn công đầy đủ Vị trí giáp Quận 2, di chuyển nhanh về trung tâm, phù hợp ở lâu dài hoặc đầu tư giữ tiền","4,5m",12m,Có,2,Trong tháng,"Sân chơi, Wifi, Khu để xe",Đang có lợi nhuận cao,Tây Nam
306226867,1,Bán nhà liền kề Centana phường Long Trường,"4,55 tỷ",4.55,,TP Thủ Đức,"P. Long Trường, Tp. Thủ Đức, Tp. Hồ Chí Minh",2,2,18/12/2025,https://meeyland.com/ban-nha-rieng-thu-duc-ho-chi-minh-i1223/306226867,"Bán nhà liền kề Centana phường Long Trường Diện tích 52m2. Ngang 4 vuông vức Kết cấu 1 triệt 1 lầu . Gồm 2 PN, 2 WC. Nhà còn rất mới tặng full nội thất. Khách chỉ việc sách valy ở ngay. Khu phân lô đường xe hơi 6m thokng thoáng sạch đẹp Sổ hồng riêng hoàn chông đủ",4m,13m,,,Gấp,,,
306280620,1,"Bán nhà quận 7 cạnh Lotte Him Lam nhà 3 tầng, 4 phòng, ngang 5m, dài 12m, chỉ 7 tỷ",7 tỷ,7.0,,N/A,"P. Trần Xuân Soạn, P. Tân Hưng, Q. 7, Tp. Hồ Chí Minh",4,4,25/12/2025,https://meeyland.com/ban-nha-rieng-quan-7-ho-chi-minh-i1223/306280620,"Bán nhà Quận 7 cạnh Lotte Him Lam nhà 3 tầng 4 phòng ngang 5m dài 12m chỉ 7 tỷ TƯƠNG LAI THÔNG HOÀNG TRỌNG MẬU ĐI QUẬN 1 Alo ngay 0879143478 Vinh Nhà Phố + Vị trí: cạnh Lotte Him Lam + Thông số: ngang 5m dài 12m + Kết cấu: nhà 3 tầng 4 phòng + Pháp lý: Sổ hồng riêng Hoàn công • CAM KẾT: + Nói không với hình ảo, tin ảo… LUÔN CÓ GIÁ TỐT CHÍNH CHỦ CHO KHÁCH THIỆN CHÍ + Xem nhà trực tiếp Chính chủ + Chúc mừng Cô Chú Anh Chị đã chọn được căn nhà ưng ý ạ Tiện ích xung quanh + Các trường Đại học lớn: Đại học Tôn Đức Thắng, đại học Nguyễn Tất Thành, đại học Kinh tế Tài chính Maketing, đại học RMIT + Khu đô thị Him Lam, đô thị Sunrise, khu dân cư Trung Sơn + Bệnh viện lớn nổi tiếng Nam Sài Gòn, Phương Nam, bệnh viện FV, Tâm Anh + Siêu thị Lotte, siêu thị Vincom, Cresent Mall, Park Mall + Đường Nguyễn Thị Thập, đường Lâm Văn Bền, đường Huỳnh Tấn Phát, đường Lê Văn Lương, đường Nguyễn Hữu Thọ, đường Trần Xuân Soạn + Cầu Nguyễn Văn Cừ, cầu Kênh Tẻ, cầu Chữ Y, cầu Tân Thuận, cầu Him Lam",5m,12m,,,Càng sớm càng tốt,,Quy hoạch ổn định,
306226992,1,"Bán nhà đường 6, phường Long Trường","4,59 tỷ",4.59,,TP Thủ Đức,"P. Long Trường, Tp. Thủ Đức, Tp. Hồ Chí Minh",4,4,25/12/2025,https://meeyland.com/ban-nha-rieng-thu-duc-ho-chi-minh-i1223/306226992,"Bán nhà đường 6, phường Long Trường Nhà 3 tầng – 55m² – kiên cố – ở ngay Khu phân lô – đường xe hơi 6m – ngay UBND P. Long Trường – TP Thủ Đức Chỉ 4,59 tỷ Diện tích: 55m² (5.5 × 9.95m) – DTS: 136m² Kết cấu: 1 trệt 2 lầu – 4 phòng ngủ – 3 WC – Ban công thoáng mát Nhà sạch sẽ, dọn vào ở ngay Vị trí vàng: – Đường số 6, ngay UBND P. Long Trường – Gần trường cấp 1, 2 – chợ – tiện ích đầy đủ – Khu dân cư hiện hữu, an ninh, đường thông thoáng","5,5m","9,95m",,,Gấp,,,
306207447,1,"Ngôi nhà mơ ước 5 tầng sang trọng, ngay ngã tư Phú Nhuận, sẵn sàng đón bạn",12 tỷ,12.0,,N/A,"Đ. Nguyễn Trọng Tuyển, P. 15, Q. Phú Nhuận, Tp. Hồ Chí Minh",4,4,25/12/2025,https://meeyland.com/ban-nha-rieng-phu-nhuan-ho-chi-minh-i1223/306207447,"Chào đón bạn đến với tổ ấm lý tưởng tại mặt tiền đường ô tô 6m Nguyễn Trọng Tuyến, ngay trung tâm sầm uất ngã tư Phú Nhuận. Ngôi nhà 5 tầng mới xây, diện tích 60m2 (4x15m), hoàn công năm 2025, hứa hẹn mang đến một cuộc sống tiện nghi và đẳng cấp. Với kết cấu 1 trệt, 3 lầu và sân thượng, ngôi nhà được thiết kế thông minh, tối ưu hóa không gian. Bao gồm 4 phòng ngủ rộng rãi, 4 nhà vệ sinh hiện đại, đặc biệt có phòng ngủ dưới tầng trệt tiện lợi cho người lớn tuổi hoặc người khuyết tật. Không gian sinh hoạt chung thoáng đãng với phòng thờ trang nghiêm và sân thượng lộng gió, cùng sân để xe rộng rãi. Chủ nhà tâm huyết tặng toàn bộ nội thất cao cấp, sẵn sàng để bạn dọn vào ở ngay. Vị trí đắc địa, giao thông thuận tiện, gần các tiện ích công cộng, trường học, bệnh viện, trung tâm thương mại, mang đến một cuộc sống năng động và đầy đủ. Giá chào bán: Hơn 12 tỷ, có thương lượng. Liên hệ ngay để không bỏ lỡ cơ hội sở hữu tuyệt tác này!",4m,15m,,,Càng sớm càng tốt,Khu để xe,"Kinh doanh được, Giao thông thuận lợi, Gần nhiều tiện ích, Có tầng lửng + tum, Xây mới",
306053820,1,Chào mừng quý khách đến với cơ hội sở hữu một tổ ấm lý tưởng tại trung tâm Phường Rạch Dừa,4 tỷ,4.0,,Huyện  Củ Chi,"H. Củ Chi, Tp. Hồ Chí Minh",,,25/12/2025,https://meeyland.com/ban-nha-rieng-cu-chi-ho-chi-minh-i1223/306053820,"Chào mừng quý khách đến với cơ hội sở hữu một tổ ấm lý tưởng tại trung tâm Phường Rạch Dừa, Thành phố Hồ Chí Minh. Ngôi nhà cấp bốn tọa lạc trên con hẻm ô tô rộng rãi, nơi xe 7 chỗ có thể di chuyển dễ dàng, mang đến sự thuận tiện tối đa cho cuộc sống. Với diện tích 78 m2, trong đó có 60 m2 là thổ cư với sổ riêng minh bạch, ngôi nhà sở hữu hình dáng vuông vức, hướng Đông Tứ Trạch mang lại sinh khí tốt lành cho gia chủ. Mặc dù là nhà cấp bốn, nhưng khu vực này cho phép xây dựng lên đến 4 tầng, mở ra tiềm năng phát triển và tùy biến không gian theo ý muốn của bạn. Vị trí trung tâm Phường Rạch Dừa là một điểm cộng lớn, nơi tập trung đầy đủ các tiện ích thiết yếu cho cuộc sống hiện đại: trường học, bệnh viện, chợ, siêu thị và các khu vui chơi giải trí. Hơn thế nữa, bất động sản này đã được kiểm tra kỹ lưỡng về quy hoạch, đảm bảo sự an tâm tuyệt đối cho nhà đầu tư và người mua. Với mức giá chỉ hơn 4 tỷ đồng, đây là một cơ hội hiếm có để sở hữu một bất động sản có vị trí đắc địa, tiềm năng sinh lời cao và không gian sống tiện nghi. Đừng bỏ lỡ cơ hội tuyệt vời này để kiến tạo tổ ấm mơ ước hoặc đầu tư sinh lời bền vững. Liên hệ ngay với Mr. Cường (0825551512) hoặc Miss Lữ (0979431768) qua Zalo hoặc điện thoại để được tư vấn chi tiết và sắp xếp lịch xem nhà. Chúng tôi cũng nhận ký gửi mua bán nhà đất, sẵn sàng hỗ trợ quý khách hàng.",,,,,Gấp,,"Giao thông thuận lợi, Vị trí trung tâm, Gần nhiều tiện ích",
306207803,1,"Nhà mới đẹp 4 tầng Phan Huy Ích, sổ vuông vắn, full nội thất, giá hời",5 tỷ,5.0,,N/A,"Đ. Phan Huy Ích, P. 15, Q. Tân Bình, Tp. Hồ Chí Minh",3,3,25/12/2025,https://meeyland.com/ban-nha-rieng-tan-binh-ho-chi-minh-i1223/306207803,"Chào mừng quý khách đến với tổ ấm mơ ước tại Phan Huy Ích! Ngôi nhà mới keng, thiết kế 4 tầng hiện đại với diện tích 42m2, ngang lớn 4.5m tạo cảm giác thông thoáng, bề thế. Cấu trúc nhà bao gồm: trệt, 2 lầu, sân thượng, phòng khách rộng rãi, bếp ấm cúng, 3 phòng ngủ (trong đó có 1 phòng ngủ Master sang trọng) và 3 nhà vệ sinh tiện nghi, cùng phòng thờ trang nghiêm. Ngôi nhà tọa lạc trong con hẻm 3m sạch sẽ, an ninh, chỉ vài bước chân là ra đến đường xe hơi, vô cùng thuận tiện cho việc di chuyển. Vị trí đắc địa, gần Emart, chợ truyền thống, dễ dàng di chuyển đến sân bay và giáp ranh với quận Tân Bình, mang đến một cuộc sống tiện nghi và đầy đủ. Giá chỉ từ 5,x tỷ, có thương lượng. Liên hệ ngay Khánh Linh qua số điện thoại 0366054551 để không bỏ lỡ cơ hội sở hữu tổ ấm tuyệt vời này!","4,5m","9,33m",,,Càng sớm càng tốt,,"Giao thông thuận lợi, Gần nhiều tiện ích, Gần mặt đường, Xây mới, Xây chắc chắn để ở",
306207807,1,"Nhà 1 trệt 1 lửng 6m x 20m, sổ hồng riêng, giá 1,175 tỷ","1,18 tỷ",1.18,,N/A,"Q. 8, Tp. Hồ Chí Minh",3,3,25/12/2025,https://meeyland.com/ban-nha-rieng-quan-8-ho-chi-minh-i1223/306207807,"Cần thanh lý gấp căn nhà tại Phường 1, Quận 8, Thành phố Hồ Chí Minh do chủ nhà kẹt tiền ngân hàng. Nhà có thiết kế 1 trệt 1 lửng, bao gồm 3 phòng ngủ, 3 nhà vệ sinh, 1 bếp và 1 phòng khách. Diện tích đất là 6m x 20m, tổng diện tích 120m2. Sổ hồng riêng, pháp lý minh bạch. Giá chốt chỉ 1 tỷ 175 triệu đồng, cam kết không phát sinh thêm chi phí. Liên hệ ngay 0817534276 (Tấn Phát) để xem nhà trực tiếp và nhận tư vấn chi tiết.",6m,20m,,,Càng sớm càng tốt,,"Giao thông thuận lợi, Gần nhiều tiện ích",
306063079,1,"Bán đất mặt tiền Tỉnh lộ 2, Trung Lập Hạ, Củ Chi, diện tích 199,9m2, giá chỉ 2,6 tỷ","2,6 tỷ",2.6,9.0,Huyện  Củ Chi,"X. Trung Lập Hạ, H. Củ Chi, Tp. Hồ Chí Minh",,,25/12/2025,https://meeyland.com/ban-dat-cu-chi-ho-chi-minh-i1123/306063079,"Siêu phẩm đất mặt tiền Tỉnh lộ 2, Trung Lập Hạ, Củ Chi đây ạ! Diện tích siêu xinh 4m x 50m, tổng cộng 199.9m², trong đó có tới 110m² là đất thổ cư xịn sò. Đường xe container thông thoáng, chạy vi vu sang tận Trảng Bàng luôn nha! Giá đang siêu ngộp chỉ 2,6 tỷ, có bớt lộc cho anh chị em thiện chí. Liên hệ ngay Zalo/điện thoại 0945495219 để không bỏ lỡ cơ hội này!",4m,"49,98m",,,,,"Kinh doanh được, Giao thông thuận lợi",
306261067,1,"Nhà 2 tầng đúc khu Kinh Đô Thời Trang, Lê Văn Sỹ 42m2, hẻm 8m, 7,2 tỷ","7,2 tỷ",7.2,42.0,N/A,"Đ. Lê Văn Sỹ, P. 14, Q. 3, Tp. Hồ Chí Minh",,,25/12/2025,https://meeyland.com/ban-nha-rieng-quan-3-ho-chi-minh-i1223/306261067,"Mở ra cánh cửa đến một cuộc sống tiện nghi và đẳng cấp tại khu vực Kinh Đô Thời Trang sầm uất, tọa lạc trên đường Lê Văn Sỹ. Ngôi nhà với diện tích 42m2 (ngang 3.5m, sâu 12m) được thiết kế 2 tầng đúc kiên cố, mang đến không gian sống thoáng đãng và đầy đủ công năng. Vị trí đắc địa với con hẻm trước nhà rộng tới 8m, ô tô ra vào thoải mái, giao thông vô cùng thuận lợi, kết nối dễ dàng đến mọi khu vực trung tâm. Khu vực này nổi tiếng với sự sôi động của các cửa hàng thời trang, ẩm thực đa dạng, đáp ứng mọi nhu cầu sinh hoạt và giải trí. Ngôi nhà không vướng quy hoạch hay lộ giới, đảm bảo sự an tâm tuyệt đối cho chủ sở hữu. Với mức giá 7.2 tỷ, đây là cơ hội hiếm có để sở hữu một bất động sản tiềm năng tại trung tâm Quận 3, Thành phố Hồ Chí Minh. Liên hệ ngay để không bỏ lỡ cơ hội tuyệt vời này: 0977041583.","3,5m",12m,,,Càng sớm càng tốt,,"Kinh doanh được, Giao thông thuận lợi, Xây chắc chắn để ở",
306265301,1,"Nhà Xóm Chiếu, An Ninh, Sầm Uất 2 phòng ngủ, 3,2 tỷ","3,2 tỷ",3.2,,TP Thủ Đức,"P. Linh Chiểu, Tp. Thủ Đức, Tp. Hồ Chí Minh",2,2,25/12/2025,https://meeyland.com/ban-nha-rieng-thu-duc-ho-chi-minh-i1223/306265301,"Tọa lạc tại khu dân cư sầm uất Xóm Chiếu, Thành phố Hồ Chí Minh, ngôi nhà này mang đến một không gian sống an ninh, hiện hữu, không lo giải tỏa. Ngôi nhà có hẻm trước nhà rộng 3m, thuận tiện cho việc di chuyển và sinh hoạt. Đặc biệt, có ban công rộng rãi, lý tưởng để phơi đồ và trồng cây xanh, mang thiên nhiên vào tổ ấm. Sân trước nhà thoáng đãng, có sức chứa lên đến 4-5 chiếc xe máy, đảm bảo sự tiện nghi cho gia đình. Kiến trúc nhà gồm 1 trệt và 1 lầu, bố trí 2 phòng ngủ và 2 nhà vệ sinh, đáp ứng đầy đủ nhu cầu sử dụng. Hướng nhà là Đông - Bắc, đón gió và ánh sáng tự nhiên. Diện tích đất là 34.4m2, với kích thước ngang 4m và chiều sâu 8.5m, tổng diện tích sử dụng lên đến 80m2. Giá bán mong muốn là 3 tỷ 200 triệu đồng, có thương lượng. Liên hệ Bé Bình qua số điện thoại 0898797938 để biết thêm chi tiết.",4m,"8,5m",,,Càng sớm càng tốt,Khu để xe,"Dân trí cao, Giao thông thuận lợi, Vị trí trung tâm, Ô tô đỗ gần, Ban công riêng",
306063227,1,"Bán nhà 1 trệt 3 tầng, sát mặt tiền Trường Chinh, diện tích 3.8x16m, hẻm xe tải 5m",8 tỷ,8.0,,N/A,"Q. 5, Tp. Hồ Chí Minh",4,4,25/12/2025,https://meeyland.com/ban-nha-rieng-quan-5-ho-chi-minh-i1223/306063227,"Tọa lạc tại vị trí đắc địa Quận 5, Thành phố Hồ Chí Minh, căn nhà phố này mang đến một không gian sống lý tưởng với diện tích 3.8m x 16m, vuông vắn không lỗi phong thủy. Ngôi nhà được xây dựng kiên cố với 1 trệt, 3 tầng bê tông cốt thép, bố trí 4 phòng ngủ, 5 nhà vệ sinh, phòng bếp, phòng khách và đầy đủ công năng sử dụng. Chủ nhà đã xây dựng với tất cả tâm huyết, mang đến một không gian mới tinh, sẵn sàng để bạn dọn vào ở ngay. Vị trí nhà chỉ cách mặt tiền đường Trường Chinh vài bước chân, nằm ngay trên đường Ba Vân. Đường trước nhà rộng rãi 5m, một trục thẳng tắp, thông tứ tung, bao quanh bởi vô vàn tiện ích và giao thông vô cùng thuận tiện. Sổ hồng sẵn sàng, công chứng ngay trong ngày. Giá chào bán nhỉnh hơn 8 tỷ đồng.","3,8m",16m,,,,,"Kinh doanh được, Dân trí cao, Giao thông thuận lợi, Vị trí trung tâm",
302113375,1,"Bán nhà hẻm xe hơi Thành Thái, phường 14, quận 10, 139m2, 2 tầng, ngang 8,5m, cho thuê 56 triệu/ tháng","16,9 tỷ",16.9,139.0,N/A,"Đ. Thành Thái, P. 14, Q. 10, Tp. Hồ Chí Minh",6,6,25/12/2025,https://meeyland.com/ban-nha-rieng-quan-10-ho-chi-minh-i1223/302113375,"Lô góc 2 mặt hẻm xe tải thông - gồm 6 ki ốt dòng tiền 56 triệu/ tháng Diện tích lớn ngang hơn 8m đẹp, 16,9 tỷ. Bán nhà hẻm xe hơi Thành Thái, phường 14, quận 10, 139m2, 2 tầng, ngang 8,5m, cho thuê 56 triệu/ tháng. Diện tích: 8,5m x 16,35m. Công nhận 110m2/139m2. Vị trí: Trung tâm quận 10, hẻm xe hơi thông ra Tô Hiến Thành. Tiên ích xung quanh đầy đủ như Đại học Bách Khoa, Nhà thi đấu Phú Thọ, Bệnh viện 115, Bệnh viện Trưng Vương, trường học các cấp nhiều vô kể, chợ, Vạn Hạnh Mail..... Căn góc 2 mặt hẻm xe tải kinh doanh. Có dòng tiền sẵn. Kết cấu 1 trệt, 1 lầu hơi cũ. Hiện tại ngăn gồm 6 ki ốt cho thuê dòng tiền 56 triệu/ tháng. Phù hợp xây dựng căn hộ dịch vụ. Toà nhà văn phòng. Giá: 16,9 tỷ, thương lượng. Link tham khảo: https://nhatanbinhgiare.blogspot.com Quý khách có nhu cầu, vui lòng gọi Tùng thổ cư, để xem nhà và được tư vấn miễn phí 24/7. Phone zalo: 0939927498. Trao niềm tin - Nhận sự hài lòng.","8,5m","16,35m",,,Càng sớm càng tốt,,"Dân trí cao, Giao thông thuận lợi, Gần nhiều tiện ích, Gần mặt đường",
305938832,1,"Bán nhà hẻm đỗ cửa Thống Nhất, phường 10, Gò Vấp, 56m2, 2 tầng, ngang 7,5m, 30m ra hẻm thông","5,3 tỷ",5.3,56.0,N/A,"Đ. Thống Nhất, P. 10, Q. Gò Vấp, Tp. Hồ Chí Minh",2,2,25/12/2025,https://meeyland.com/ban-nha-rieng-go-vap-ho-chi-minh-i1223/305938832,"Bán nhà HXH đỗ cửa Thống Nhất, P10, Gò Vấp, 56m2. 2 tầng, ngang 7.5m, có dòng tiền + Diện tích: 7,5m x 7,5m. + Nhà ngang lớn 7.5m cực bề thế. Công nhận đủ 56m2 + Kết cấu 1 trệt, 1 lửng, đang chia 2 căn cho thuê 12 triệu/ tháng. + Vị trí: Cách mặt tiền Thống Nhất 140m, hẻm trước nhà gần 4m, 30m ra hẻm thông + Gần Lotte Max Nguyễn Văn Lượng, tiện ích không thiếu gì trong bán kính 700m. + Sổ đẹp, đang nhờ ngân hàng giữ hộ cho chắc chắn. + Giá: 5,3 tỷ, thương lượng. Quý khách có nhu cầu vui lòng gọi Tùng thổ cư, để xem nhà và được tư vấn miễn phí 24/7. Phone zalo: 0939927498. Uy tín – Chuyên nghiệp - Tận tình.","7,5m","7,5m",,,Càng sớm càng tốt,,Gần nhiều tiện ích,
305845288,1,"Bán toà nhà Văn phòng 2 mặt tiền, khu nhà ờ thương mại Lý Thường Kiệt, phường 15, quận 11, 72m2, 6 tầng",23 tỷ,23.0,2.0,N/A,"P. Lý Thường Kiệt, P. 15, Q. 11, Tp. Hồ Chí Minh",8,8,25/12/2025,https://meeyland.com/ban-nha-mat-pho-quan-11-ho-chi-minh-i1323/305845288,"Bán toà nhà Văn phòng 2 mặt tiền, Khu nhà ờ thương mại Lý Thường Kiệt, P15, Q11, 72m2, 6 tầng. + Diện tích 4,5m x 16m. công nhận 72m2. + Kết cấu: Nhà kết cấu 6 tầng, thiết kế theo kiểu toà nhà văn phòng,7 phòng làm việc, 1 phòng ngủ, sân thượng làm bếp , thang máy đầy đủ. 6WC + Thức chất nhà là mặt tiền kinh doanh nhiều ngành nghề, hai mặt tiền nhà nên cũng là một lợi thế. Nhà cực kỳ đẹp và còn mới mua về ở ngay hoặc cho thuê. + Vị trí: Cách mặt tiền Lý Thường Kiệt chỉ 30m, thông Thiên Phước, Mặt trước là mặt tiền Khu nhà ở Thương mại, mặt sau là mặt HXH Lý Thường Kiệt. Ngó qua bên kia đường là Bắc Hải Q10, Vị trí tuyệt đẹp tiếp giáp 3 quận trung tâm + Tiện ích vô đối: Khi gần chợ vỉa Tân Bình, chợ Nghĩa Phát, trường ĐH Bách Khoa, Trường THPT Nguyễn Thái Bình, Trường Nguyễn Gia Thiều…, Bệnh viện Thống Nhất, 115, Trưng Vương v.v + Sổ pháp lý chính chủ, hoàn công đầy đủ. + Giá: 20.x tỷ(x tiểu học), thương lượng. Link tham khảo: https://nhatanbinhgiare.blogspot.com/ Quý khách có nhu cầu vui lòng gọi Tùng thổ cư, để được tư vấn miễn phí và xem nhà 24/7. Phone, Zalo: 0939927498 Chuyên nghiêp – Uy tín – Tận tình","4,5m",16m,,,Càng sớm càng tốt,,Vị trí trung tâm,
105293419,1,"Bán nhà hẻm xe tải Lê Văn Quới, Bình Trị Đông, Bình Tân, 150m2, ngang 5,1m","9,5 tỷ",9.5,150.0,N/A,"Đ. Lê Văn Quới, P. Bình Trị Đông, Q. Bình Tân, Tp. Hồ Chí Minh",2,2,25/12/2025,https://meeyland.com/ban-nha-rieng-binh-tan-ho-chi-minh-i1223/105293419,"Bán nhà hẻm xe tải Lê Văn Quới, Bình Trị Đông, Bình Tân, 150m2, ngang 5,1m. + Nhà 1/ hẻm 5m, xe hơi, xe tải ra vào thoải mái. + Cách mặt tiền Lê Văn Quới 100m, 1km ra tới ngã tư 4 xã, Mã Lò. Giao thông thuận tiện. + Nhà cấp 4, có gác lửng nhỏ. + Tiện xây CHDV, làm kho xưởng, sản xuất kính doanh. + Gần nhiều ngân hàng trường học, bệnh viện, chợ.... + Sổ nở hậu nhẹ, tài lộc. Sổ tại gia. Pháp lý chuẩn công chứng ngay. + Giá: 9,5 tỷ, thương lượng. Quý khách có nhu cầu vui lòng gọi Tủng thổ cư, để xem nhà và được tư vấn miễn phí 24/7. Phone, Zalo: 0939927498. Chuyên nghiêp – Uy tín – Tận tình.","5,1m","29,41m",,,Càng sớm càng tốt,,Dân trí cao,
305482157,1,"Chỉ 7,9 tỷ, có nhà hẻm Lê Văn Thọ, phường 11, Gò Vấp, 4 tầng, chủ tặng toàn bộ nội thất xin sò","7,9 tỷ",7.9,,N/A,"Đ. Lê Văn Thọ, P. 11, Q. Gò Vấp, Tp. Hồ Chí Minh",4,4,25/12/2025,https://meeyland.com/ban-nha-rieng-go-vap-ho-chi-minh-i1223/305482157,"Chỉ 7,9 tỷ, có nhà hẻm Lê Văn Thọ, phường 11, Gò Vấp, 4 tầng, chủ tặng toàn bộ nội thất xin sò. + Anh chị nghĩ sao khi mình sống trong một căn nhà nội thất xịn sò, khu dân trí cao, tiện ích vô đối, hàng xóm thân thiện, như quá nhiếu trường học các cấp vây quanh, vài bước chân ra tới công viên Làng Hoa, ốnm đau thì có bệnh viên ĐK Gò Vấp, bệnh viện Hồng Đức sát ben nhà, 350m tới chợ Hạnh Thông Tây, vui chơi giải trí thì có Lottemax Nguyễn Văn Lượng, Wincom. Coopmart Quang Trung + Kết cấu: nhà đẹp 1 trệt, 3 lầu đúc thiết kế tinh tế – đầy đủ công năng sử dụng. PK, bếp, phòng ăn, 4PN trên lầu, 4WC, phòng thờ, sân thượng + Vị trí đắc địa: Đất ở dân cư hiện hữu, không lộ giới quy hoạch. Hàng xóm cao tầng thân thiện, dân trí cao, tiện ích đầy đủ. - Cách mặt tiền Lê Văn Thọ chỉ 90m, ra công viên Làng hoa chỉ 150m, tới Quang Trung chỉ 350m, tới Phạm Văn Chiêu chỉ 450m + Pháp lý: Sổ hồng riêng nở hậu nhẹ, pháp lý chuẩn, hoàn công đủ, sổ ở nhà công chứng ngay. + Chủ tặng hết nội thất xịn cho khách mua vào ở ngay + Diện tích: 4m x 13,7m. Công nhận 55m2 + Giá: 7.x tỷ, thương lượng. Link tham khảo: https://nhatanbinhgiare.blogspot.com/ Quý khách có nhu cầu vui lòng gọi Tùng thổ cư, để được tư vấn và xem nhà miễn phí 24/7. Phone, zalo: 0939927498. Chuyên nghiệp – Uy tín – Tận Tình",4m,"13,7m",,,Càng sớm càng tốt,,Gần nhiều tiện ích,
305663613,1,"Bán nhà hẻm kinh doanh Thành Thái, phường 14, quận 10, 44m2, 3 tầng, ngang 5m","10,9 tỷ",10.9,44.0,N/A,"Đ. Thành Thái, P. 14, Q. 10, Tp. Hồ Chí Minh",4,4,25/12/2025,https://meeyland.com/ban-nha-rieng-quan-10-ho-chi-minh-i1223/305663613,"Bán nhà hẻm kinh doanh Thành Thái, phường 14, quận 10, 44m2, 3 tầng, ngang 5m. - Diện tích: 5m x 9m. Công nhận 44m2 - Hẻm an ninh dân trí cao. Cách mặt tiền 100m - 1 trệt 2 lầu sân thượng. 4 phòng ngủ, 3 vệ sinh. - Nằm gần ngã tư Thành Thái và Tô Hiến Thành. - Tiện ích xung quanh không thiếu gì - Giá: 10,x tỷ, thương lượng Link tham khảo: https://nhatanbinhgiare.blogspot.com Quý khách có nhu cầu, vui lòng gọi Tùng thổ cư, để xem nhà và được tư vấn miễn phí 24/7. Phone, Zalo: 0939927498. Trao niềm tin - Nhận sự hài lòng.",5m,9m,,,Càng sớm càng tốt,,Giao thông thuận lợi,
305937468,1,"Bán đất hẻm 3m, Quang Trung, Thông Tây Hội, 72m2, nở hậu, chỉ 5,2 tỷ","5,2 tỷ",5.2,3.0,N/A,"Đ. Quang Trung, P. 8, Q. Gò Vấp, Tp. Hồ Chí Minh",,,25/12/2025,https://meeyland.com/ban-dat-go-vap-ho-chi-minh-i1123/305937468,"Bán đất hẻm 3m, Quang Trung, Thông Tây Hội, Tp HCM. 72m2, nở hậu, chỉ 5,2 tỷ + Diện tích 3.6m/nở hậu L 6,1m x 18m, Công nhận 61m2, sử dụng 72m2 + Hẻm 1 truc thẳng, hẻm 3m, cách mặt tiền Quang Trung chỉ 40m, đối diện Mercedes + Trước là nhà C4 cũ chủ đập đi thành đất trống + Khuôn đất nở hậu chữ L đầy tài lộc. + Khu vực cho xây dựng 5 tầng. + Tiện ích xung quanh không thiếu gì: Như chợ Hạnh Thông Tây cách 200m, UBND cách nhà chỉ 1km, Trường học các cấp vây quanh, Bệnh viện Đa Khoa Gò Vấp, Bệnh viện Hồng Đức... chả thiếu thứ gì + Phù hợp khách mua xây dựng mới, để ở hay xây CHDV cho thuê. Khu dân cư hiện hữu. + Sổ cất két tài nhà. ► Quý khách có nhu cầu vui lòng gọi Tùng thổ cư, để xem nhà và được tư vấn miễn phí 24/7. Phone, Zalo: 0939927498. Uy tín – Chuyên nghiệp - Tận tình.","3,6m",18m,,,Trong năm,,Vị trí trung tâm,
305916582,1,"Bán căn hộ dịch vụ 4 tầng, Trần Hưng Đạo, phường Cầu Kho, diện tích 74m2, 4 tầng, ngang 4,8m, nở hậu","13,9 tỷ",13.9,74.0,N/A,"Đ. Trần Hưng Đạo, P. Cầu Kho, Q. 1, Tp. Hồ Chí Minh",8,8,25/12/2025,https://meeyland.com/ban-nha-rieng-quan-1-ho-chi-minh-i1223/305916582,"Bán căn hộ dịch vụ 4 tầng, Trần Hưng Đạo, phường Cầu Kho, diện tích 74m2, 4 tầng, ngang 4,8m, nở hậu. + Diện tích: Công nhận 74m² (4.8m x 13.03m, nở hậu 7.2m) + Kết cấu: 1 trệt 3 lầu – 8 ngủ, 9 vệ sinh. + Vị trí: Cách mặt tiền 20m, hẻm trước nhà xe VF3 đỗ cửa, 20 ra hẻm xe tải, ngay ngã 4 Nguyễn Văn Cừ và Trần Hưng Đạo, 1.5 km tới chợ Bến Thành, 800 tới Phố đi bộ Bùi Viễn, Nguyễn Huệ, 400m tới Võ Văn Kiệt. + Tiện ích xung quanh không thiếu thứ gì, gần cụm các Trường ĐH lớn, nên phòng ở đây lúc nào cũng đắt + Dòng tiền ổn định: 35 - 40 triệu/tháng, thu nhập 4%/năm + Pháp lý: Sổ hồng riêng, hoàn công đầy đủ, chính chủ, chưa qua mua bán. + Giá: 13,x tỷ, thương lượng. Mọi chi tiết xin liên hệ: Nhà Thật Sài Gòn, để xem nhà miễn phí 24/7 và làm việc chính chủ. Phone, zalo: 0939927498. Trao niềm tin - Nhận sự hài lòng.","4,8m",13m,,,Càng sớm càng tốt,,Vị trí trung tâm,
305212807,1,"Bán nhà hẻm xe hơi nhỏ Trần Nhân Tôn, phường 9, quận 5, 50m2, 2 tầng, giá rẻ","8,5 tỷ",8.5,50.0,N/A,"Đ. Trần Nhân Tôn, P. 9, Q. 5, Tp. Hồ Chí Minh",3,3,25/12/2025,https://meeyland.com/ban-nha-rieng-quan-5-ho-chi-minh-i1223/305212807,"Bán nhà hẻm xe hơi nhỏ Trần Nhân Tôn, phường 9, quận 5, 50m2, 2 tầng, giá rẻ Dt: 3,3m x 15,1m. công nhận 50m2 Nhà HXH gần 4m. Hẻm cụt an ninh Cách mặt tiền Trần Nhân Tôn 80m, ra Trần Phú, Hùng Vương chỉ 200m, Lê Hồng Phong 300m. Rất thuận tiện giao thông. Hiện trạng, nhà 1 trệt, 1 lửng, PK, Bếp, 3PN, có PN dưới trệt, 1 WC, sau nhà có hẻm nên rất mát mẻ. Tiện xây mới, hoặc sơn phết sửa sang lại, ở hay cho thuê vẫn tốt. Sổ A4, chủ đang gửi bank 4.5 tỷ, khi khách cọc chủ tự rút sổ. Trước cho thuê 15tr/tháng, nay lấy lại để bán. Giá: 8,5 tỷ, thương lượng Quý khách có nhu cầu, vui lòng gọi Tùng thổ cư. Để xem nhà, và được tư vấn miễm phí 24/7. Link tham khảo: https://nhatanbinhgiare.blogspot.com Phone, Zalo: 0939927498. Chuyên nghiệp – Uy tín – Tận tình","3,3m","15,1m",,,Gấp,,"Kinh doanh được, Cho thuê giá cao, Giao thông thuận lợi, Vị trí trung tâm, Gần nhiều tiện ích",
306205682,1,"Bán căn hộ mặt tiền Trần Phú ngay ngã 4 Nguyễn Tri Phương, phường 7, quận 5, 59m2, 2 tầng","3,2 tỷ",3.2,59.0,N/A,"Đ. Trần Phú, P. 7, Q. 5, Tp. Hồ Chí Minh",2,2,25/12/2025,https://meeyland.com/ban-can-ho-chung-cu-quan-5-ho-chi-minh-i1423/306205682,"Bán căn hộ mặt tiền Trần Phú ngay ngã 4 Nguyễn Tri Phương, phường 7, quận 5, 59m2, 2 tầng. + Dt: 4m x 14,2m. sổ công nhận 59m2 + Nhà lầu 3, CC Hào Huê đường Trần Phú, P7, Quận 5, nay là Phường An Đông. + CC không có thang máy. + View rất đẹp nhìn xuống mặt tiền đường Trần Phú, ngay ngã 4 Nguyễn Tri Phương. + Kết cấu: PK, 2 phòng ngủ(1 ở gác lửng), bếp, phòng ăn, 1WC.Đặc biệt chủ mới sửa mới lại toàn bộ, nhà mình mới nhất CC. + Giáp Q1, Q1, Q8, kết nối nhanh, Nguyễn Tri Phương, Trần Hưng Đạo, Nguyễn Trãi chỉ vài chục mét. + Tiện ích xung quanh phong phú không thiếu gì. + Sổ chủ đang gửi bank giữ hộ, 1.4 tỷ. Nhờ khách hỗ trợ rút sổ. + Giá: 3.2 tỷ, thương lượng ► Quý khách có nhu cầu vui lòng gọi Tùng thổ cư, để xem nhà và được tư vấn miễn phí 24/7. Phone, Zalo: 0939927498. Uy tín – Chuyên nghiệp - Tận tình.",4m,"14,2m",,,Càng sớm càng tốt,,Giao thông thuận lợi,
302887826,1,"Bán nhà hẻm xe hơi Hà Huy Giáp, Thạnh Lộc, Quận 12, 177m2, 2 tầng, ngang 6m, chỉ gần 5 tỷ","4,99 tỷ",4.99,177.0,N/A,"Đ. Hà Huy Giáp, P. Thạnh Lộc, Q. 12, Tp. Hồ Chí Minh",4,4,25/12/2025,https://meeyland.com/ban-nha-rieng-quan-12-ho-chi-minh-i1223/302887826,"Bán nhà hẻm xe hơi Hà Huy Giáp, Thạnh Lộc, Quận 12, 177m2, 2 tầng, ngang 6m, chỉ gần 5 tỷ + Diện tích: 6m/nở hậu 11,5m x 28m, tặng thêm 93m2 dất giấy tay phía sau + Nhà 1 trệt 1 lửng mái thái, có 4PN, 2WC, phòng khách, phòng karaoke, phòng xông hơi. + Hẻm xe hơi 4 chỗ tận cửa sạch sẽ an ninh, vài bước chân ra xe tải tránh. + Giá đất chỉ 20 triệu/m2 full thổ cư ODT 177m2, chủ tặng thêm 93m2 (9.3x10) vi bằng phía sau nhà, chủ đang trồng cây, nuôi gà. + Đất ở dân cư hiện hữu, lộ giới không đáng kể, dân trí cao, tiện ích đầy đủ. + Sổ hồng riêng nở hậu, pháp lý chuẩn, hoàn công đầy đủ, chủ đang vay Agribank gần 2 tỷ. + Giá: 4.x tỷ. Quý khách có nhu cầu, vui lòng gọi Tùng thổ cư, để xem nhà và được tư vấn miễn phí 24/7. Link tham khảo: https://nhatanbinhgiare.blogspot.com Phone, Zalo: 0939927498. Chuyên nghiêp - Uy tín – Tận tình",6m,28m,,,Càng sớm càng tốt,,Dân trí cao,
302437563,1,"Bán căn hộ dịch vụ đường Bình Tiên, Phường 8, Quận 6, 98m2, 5 tầng, 12 phòng, ngay chợ Bình Tiên","9,8 tỷ",9.8,98.0,N/A,"Đ. Bình Tiên, P. 8, Q. 6, Tp. Hồ Chí Minh",12,12,25/12/2025,https://meeyland.com/ban-nha-rieng-quan-6-ho-chi-minh-i1223/302437563,"Bán căn hộ dịch vụ đường Bình Tiên, Phường 8, Quận 6, 98m2, 5 tầng, 12 phòng, ngay chợ Bình Tiên + Diện tích: 5,2m x 19m. Công nhận 86m2/98m2 + Kết cấu trệt, lửng, 3 lầu, sân thượng BTCT, gồm 12 PN, 5 WC, phù hợp cho thuê CHDV. + Hẻm thông, trước nhà gần 4m. Cách mặt tiền Bình Tiên chỉ 80m + Tiện ích xung quanh đầy đủ, cách Chợ Bình Tây chỉ 1km, trường học, bệnh viện. + Pháp lý sổ riêng, vuông vức, mua bán nhanh gọn, bán gấp. + Giá: cực rẻ: 9.x tỷ, thương lượng Quý khách có nhu cầu, vui lòng gọi Tùng thổ cư. Để xem nhà, và được tư vấn miễm phí 24/7. Link tham khảo: https://nhatanbinhgiare.blogspot.com Phone, Zalo: 0939927498. Chuyên nghiệp – Uy tín – Tận tình","5,2m",19m,,,Càng sớm càng tốt,,Dân trí cao,
